-- MySQL dump 10.13  Distrib 8.0.42, for Win64 (x86_64)
--
-- Host: localhost    Database: bor
-- ------------------------------------------------------
-- Server version	8.0.42

/*!40101 SET @OLD_CHARACTER_SET_CLIENT=@@CHARACTER_SET_CLIENT */;
/*!40101 SET @OLD_CHARACTER_SET_RESULTS=@@CHARACTER_SET_RESULTS */;
/*!40101 SET @OLD_COLLATION_CONNECTION=@@COLLATION_CONNECTION */;
/*!50503 SET NAMES utf8mb4 */;
/*!40103 SET @OLD_TIME_ZONE=@@TIME_ZONE */;
/*!40103 SET TIME_ZONE='+00:00' */;
/*!40014 SET @OLD_UNIQUE_CHECKS=@@UNIQUE_CHECKS, UNIQUE_CHECKS=0 */;
/*!40014 SET @OLD_FOREIGN_KEY_CHECKS=@@FOREIGN_KEY_CHECKS, FOREIGN_KEY_CHECKS=0 */;
/*!40101 SET @OLD_SQL_MODE=@@SQL_MODE, SQL_MODE='NO_AUTO_VALUE_ON_ZERO' */;
/*!40111 SET @OLD_SQL_NOTES=@@SQL_NOTES, SQL_NOTES=0 */;

--
-- Table structure for table `bor_tipusok`
--

DROP TABLE IF EXISTS `bor_tipusok`;
/*!40101 SET @saved_cs_client     = @@character_set_client */;
/*!50503 SET character_set_client = utf8mb4 */;
CREATE TABLE `bor_tipusok` (
  `tipus_id` int NOT NULL AUTO_INCREMENT,
  `nev` varchar(50) COLLATE utf8mb4_hungarian_ci NOT NULL,
  PRIMARY KEY (`tipus_id`),
  UNIQUE KEY `nev` (`nev`)
) ENGINE=InnoDB AUTO_INCREMENT=6 DEFAULT CHARSET=utf8mb4 COLLATE=utf8mb4_hungarian_ci;
/*!40101 SET character_set_client = @saved_cs_client */;

--
-- Dumping data for table `bor_tipusok`
--

LOCK TABLES `bor_tipusok` WRITE;
/*!40000 ALTER TABLE `bor_tipusok` DISABLE KEYS */;
INSERT INTO `bor_tipusok` VALUES (5,'desszertbor'),(2,'fehér'),(4,'pezsgő'),(3,'rosé'),(1,'vörös');
/*!40000 ALTER TABLE `bor_tipusok` ENABLE KEYS */;
UNLOCK TABLES;

--
-- Table structure for table `borok`
--

DROP TABLE IF EXISTS `borok`;
/*!40101 SET @saved_cs_client     = @@character_set_client */;
/*!50503 SET character_set_client = utf8mb4 */;
CREATE TABLE `borok` (
  `bor_id` int NOT NULL AUTO_INCREMENT,
  `nev` varchar(255) COLLATE utf8mb4_hungarian_ci NOT NULL,
  `evjarat_id` int NOT NULL,
  `alkohol_fok` decimal(4,2) NOT NULL,
  `ar` int NOT NULL,
  `leiras` text COLLATE utf8mb4_hungarian_ci NOT NULL,
  `pince_id` int NOT NULL,
  `fajta_id` int NOT NULL,
  `tipus_id` int NOT NULL,
  PRIMARY KEY (`bor_id`),
  UNIQUE KEY `nev` (`nev`),
  KEY `borok_ibfk_4` (`evjarat_id`),
  KEY `borok_ibfk_1` (`pince_id`),
  KEY `borok_ibfk_2` (`fajta_id`),
  KEY `borok_ibfk_3` (`tipus_id`),
  CONSTRAINT `borok_ibfk_1` FOREIGN KEY (`pince_id`) REFERENCES `pincek` (`pince_id`),
  CONSTRAINT `borok_ibfk_2` FOREIGN KEY (`fajta_id`) REFERENCES `fajtak` (`fajta_id`),
  CONSTRAINT `borok_ibfk_3` FOREIGN KEY (`tipus_id`) REFERENCES `bor_tipusok` (`tipus_id`),
  CONSTRAINT `borok_ibfk_4` FOREIGN KEY (`evjarat_id`) REFERENCES `evjaratok` (`evjarat_id`)
) ENGINE=InnoDB AUTO_INCREMENT=575 DEFAULT CHARSET=utf8mb4 COLLATE=utf8mb4_hungarian_ci;
/*!40101 SET character_set_client = @saved_cs_client */;

--
-- Dumping data for table `borok`
--

LOCK TABLES `borok` WRITE;
/*!40000 ALTER TABLE `borok` DISABLE KEYS */;
INSERT INTO `borok` VALUES (1,'Château Margaux Cabernet Sauvignon 2017',38,14.34,55611,'A Château Margaux Cabernet Sauvignon 2017 egy elegáns vörös bor, amely kóstolva komplex, rétegzett szájban. Ajánlott párosítás: sashimi-hoz vagy könnyű tengeri ételekhez. Alkoholtartalom: 14.34%.',1,1,1),(2,'Château Margaux Chardonnay 2000',21,11.11,36711,'A Château Margaux Chardonnay 2000 egy elegáns fehér bor, amely elegáns struktúra, tökéletes érlelési potenciállal. Ajánlott párosítás: vörös húsokkal és barbecue-val. Alkoholtartalom: 11.11%.',1,17,1),(3,'Château Margaux Grenache 2016',37,13.92,93118,'A Château Margaux Grenache 2016 egy elegáns vörös bor, amely elegáns struktúra, tökéletes érlelési potenciállal. Ajánlott párosítás: olasz tésztákkal és pizzával. Alkoholtartalom: 13.92%.',1,35,1),(4,'Château Margaux Cabernet Sauvignon 2021',42,14.41,44957,'A Château Margaux Cabernet Sauvignon 2021 egy elegáns vörös bor, amely élénk savakkal és karakteres minerális tónussal. Ajánlott párosítás: érlelt sajtokkal. Alkoholtartalom: 14.41%.',1,1,1),(5,'Château Margaux Pinot Noir 2006',27,11.46,72491,'A Château Margaux Pinot Noir 2006 egy elegáns vörös bor, amely gazdag illat, ahol a fekete bogyós gyümölcsök dominálnak. Ajánlott párosítás: vacsihoz, ünnepi asztalra ajánlott. Alkoholtartalom: 11.46%.',1,3,1),(6,'Château Margaux Cuvée 2007',28,14.28,92029,'A Château Margaux Cuvée 2007 egy elegáns vörös bor, amely virágos illatjegyek és citrusos frissesség. Ajánlott párosítás: halételekkel és könnyű tésztákkal. Alkoholtartalom: 14.28%.',1,1,1),(8,'Château Margaux Reserve Pinot Noir 2018',39,15.43,131915,'A Château Margaux Reserve Pinot Noir 2018 egy elegáns vörös bor, amely virágos illatjegyek és citrusos frissesség. Ajánlott párosítás: olasz tésztákkal és pizzával. Alkoholtartalom: 15.43%.',1,3,1),(9,'Château Margaux Pinot Noir 2013',34,11.73,69409,'A Château Margaux Pinot Noir 2013 egy elegáns vörös bor, amely kóstolva komplex, rétegzett szájban. Ajánlott párosítás: vacsihoz, ünnepi asztalra ajánlott. Alkoholtartalom: 11.73%.',1,3,1),(10,'Château Margaux Petit Verdot 2017',38,14.28,45425,'A Château Margaux Petit Verdot 2017 egy elegáns vörös bor, amely kerek, jól kiegyensúlyozott testtel rendelkezik. Ajánlott párosítás: desszertekkel és patisszériákkal. Alkoholtartalom: 14.28%.',1,34,1),(11,'Château Margaux Cabernet Sauvignon 2018',39,12.03,29013,'A Château Margaux Cabernet Sauvignon 2018 egy elegáns vörös bor, amely élénk savakkal és karakteres minerális tónussal. Ajánlott párosítás: halételekkel és könnyű tésztákkal. Alkoholtartalom: 12.03%.',1,1,1),(12,'Château Margaux Petit Verdot 2006',27,14.94,64335,'A Château Margaux Petit Verdot 2006 egy elegáns vörös bor, amely virágos illatjegyek és citrusos frissesség. Ajánlott párosítás: gyümölcssalátával és friss süteményekkel. Alkoholtartalom: 14.94%.',1,34,1),(13,'Château Margaux Merlot 2003',24,12.11,95171,'A Château Margaux Merlot 2003 egy elegáns vörös bor, amely elegáns struktúra, tökéletes érlelési potenciállal. Ajánlott párosítás: sült zöldségekkel és rizottóval. Alkoholtartalom: 12.11%.',1,2,1),(14,'Château Margaux Chardonnay 2022',43,12.27,149666,'A Château Margaux Chardonnay 2022 egy elegáns fehér bor, amely mézes, aszalt gyümölcsös aromák jellemzik. Ajánlott párosítás: halételekkel és könnyű tésztákkal. Alkoholtartalom: 12.27%.',1,17,1),(15,'Château Margaux Cabernet Sauvignon 2020',41,11.69,44998,'A Château Margaux Cabernet Sauvignon 2020 egy elegáns vörös bor, amely elegáns struktúra, tökéletes érlelési potenciállal. Ajánlott párosítás: halételekkel és könnyű tésztákkal. Alkoholtartalom: 11.69%.',1,1,1),(16,'Château Margaux Cuvée 2011',32,15.48,91139,'A Château Margaux Cuvée 2011 egy elegáns vörös bor, amely aromája a friss gyümölcsök és enyhe vanília jegyeivel. Ajánlott párosítás: halételekkel és könnyű tésztákkal. Alkoholtartalom: 15.48%.',1,34,1),(17,'Château Margaux Petit Verdot 2018',39,14.38,121075,'A Château Margaux Petit Verdot 2018 egy elegáns vörös bor, amely élénk savakkal és karakteres minerális tónussal. Ajánlott párosítás: sült zöldségekkel és rizottóval. Alkoholtartalom: 14.38%.',1,34,1),(18,'Château Margaux Cabernet Sauvignon 2004',25,15.29,134482,'A Château Margaux Cabernet Sauvignon 2004 egy elegáns vörös bor, amely kerek, jól kiegyensúlyozott testtel rendelkezik. Ajánlott párosítás: érlelt sajtokkal. Alkoholtartalom: 15.29%.',1,1,1),(19,'Château Margaux Cabernet Sauvignon 2015',36,14.92,62306,'A Château Margaux Cabernet Sauvignon 2015 egy elegáns vörös bor, amely elegáns struktúra, tökéletes érlelési potenciállal. Ajánlott párosítás: desszertekkel és patisszériákkal. Alkoholtartalom: 14.92%.',1,1,1),(20,'Château Margaux Merlot 2004',25,13.43,122328,'A Château Margaux Merlot 2004 egy elegáns vörös bor, amely aromája a friss gyümölcsök és enyhe vanília jegyeivel. Ajánlott párosítás: vacsihoz, ünnepi asztalra ajánlott. Alkoholtartalom: 13.43%.',1,2,1),(21,'Château Margaux Cuvée 2009',30,11.50,70373,'A Château Margaux Cuvée 2009 egy elegáns vörös bor, amely élénk savakkal és karakteres minerális tónussal. Ajánlott párosítás: desszertekkel és patisszériákkal. Alkoholtartalom: 11.5%.',1,1,1),(22,'Château Margaux Petit Verdot 1998',19,15.26,35707,'A Château Margaux Petit Verdot 1998 egy elegáns vörös bor, amely kóstolva komplex, rétegzett szájban. Ajánlott párosítás: sashimi-hoz vagy könnyű tengeri ételekhez. Alkoholtartalom: 15.26%.',1,34,1),(23,'Château Margaux Merlot 2020',41,13.97,143356,'A Château Margaux Merlot 2020 egy elegáns vörös bor, amely kerek, jól kiegyensúlyozott testtel rendelkezik. Ajánlott párosítás: vacsihoz, ünnepi asztalra ajánlott. Alkoholtartalom: 13.97%.',1,2,1),(24,'Château Margaux Merlot 2012',33,15.18,119408,'A Château Margaux Merlot 2012 egy elegáns vörös bor, amely élénk savakkal és karakteres minerális tónussal. Ajánlott párosítás: sült zöldségekkel és rizottóval. Alkoholtartalom: 15.18%.',1,2,1),(25,'Château Lafite Rothschild Grenache 2024',45,12.68,137452,'A Château Lafite Rothschild Grenache 2024 egy elegáns vörös bor, amely selymes tanninokkal és hosszan tartó utóízzel. Ajánlott párosítás: desszertekkel és patisszériákkal. Alkoholtartalom: 12.68%.',2,35,1),(26,'Château Lafite Rothschild Cabernet Sauvignon 1998',19,13.65,53764,'A Château Lafite Rothschild Cabernet Sauvignon 1998 egy elegáns vörös bor, amely kóstolva komplex, rétegzett szájban. Ajánlott párosítás: vörös húsokkal és barbecue-val. Alkoholtartalom: 13.65%.',2,1,1),(27,'Château Lafite Rothschild Cabernet Sauvignon 2006',27,14.87,33857,'A Château Lafite Rothschild Cabernet Sauvignon 2006 egy elegáns vörös bor, amely mézes, aszalt gyümölcsös aromák jellemzik. Ajánlott párosítás: desszertekkel és patisszériákkal. Alkoholtartalom: 14.87%.',2,1,1),(28,'Château Lafite Rothschild Grenache 2015',36,15.21,96380,'A Château Lafite Rothschild Grenache 2015 egy elegáns vörös bor, amely mézes, aszalt gyümölcsös aromák jellemzik. Ajánlott párosítás: sült zöldségekkel és rizottóval. Alkoholtartalom: 15.21%.',2,35,1),(29,'Château Lafite Rothschild Cabernet Sauvignon 2005',26,13.97,69287,'A Château Lafite Rothschild Cabernet Sauvignon 2005 egy elegáns vörös bor, amely aromája a friss gyümölcsök és enyhe vanília jegyeivel. Ajánlott párosítás: halételekkel és könnyű tésztákkal. Alkoholtartalom: 13.97%.',2,1,1),(30,'Château Lafite Rothschild Grenache 1998',19,12.53,132709,'A Château Lafite Rothschild Grenache 1998 egy elegáns vörös bor, amely selymes tanninokkal és hosszan tartó utóízzel. Ajánlott párosítás: sashimi-hoz vagy könnyű tengeri ételekhez. Alkoholtartalom: 12.53%.',2,35,1),(31,'Château Lafite Rothschild Reserve Chardonnay 2013',34,11.64,82829,'A Château Lafite Rothschild Reserve Chardonnay 2013 egy elegáns fehér bor, amely kóstolva komplex, rétegzett szájban. Ajánlott párosítás: gyümölcssalátával és friss süteményekkel. Alkoholtartalom: 11.64%.',2,17,1),(32,'Château Lafite Rothschild Petit Verdot 2021',42,11.44,106518,'A Château Lafite Rothschild Petit Verdot 2021 egy elegáns vörös bor, amely aromája a friss gyümölcsök és enyhe vanília jegyeivel. Ajánlott párosítás: halételekkel és könnyű tésztákkal. Alkoholtartalom: 11.44%.',2,34,1),(33,'Château Lafite Rothschild Merlot 2023',44,11.75,85705,'A Château Lafite Rothschild Merlot 2023 egy elegáns vörös bor, amely virágos illatjegyek és citrusos frissesség. Ajánlott párosítás: vörös húsokkal és barbecue-val. Alkoholtartalom: 11.75%.',2,2,1),(34,'Château Lafite Rothschild Reserve Cabernet Sauvignon 2004',25,15.43,58150,'A Château Lafite Rothschild Reserve Cabernet Sauvignon 2004 egy elegáns vörös bor, amely mézes, aszalt gyümölcsös aromák jellemzik. Ajánlott párosítás: olasz tésztákkal és pizzával. Alkoholtartalom: 15.43%.',2,1,1),(35,'Château Lafite Rothschild Reserve Grenache 2012',33,15.48,94471,'A Château Lafite Rothschild Reserve Grenache 2012 egy elegáns vörös bor, amely finoman fűszeres lecsengéssel. Ajánlott párosítás: desszertekkel és patisszériákkal. Alkoholtartalom: 15.48%.',2,35,1),(36,'Château Lafite Rothschild Reserve Cabernet Sauvignon 2008',29,13.61,92774,'A Château Lafite Rothschild Reserve Cabernet Sauvignon 2008 egy elegáns vörös bor, amely aromája a friss gyümölcsök és enyhe vanília jegyeivel. Ajánlott párosítás: vörös húsokkal és barbecue-val. Alkoholtartalom: 13.61%.',2,1,1),(37,'Château Lafite Rothschild Petit Verdot 2016',37,15.14,91391,'A Château Lafite Rothschild Petit Verdot 2016 egy elegáns vörös bor, amely kerek, jól kiegyensúlyozott testtel rendelkezik. Ajánlott párosítás: halételekkel és könnyű tésztákkal. Alkoholtartalom: 15.14%.',2,34,1),(38,'Château Lafite Rothschild Cabernet Sauvignon 2022',43,13.68,109402,'A Château Lafite Rothschild Cabernet Sauvignon 2022 egy elegáns vörös bor, amely kóstolva komplex, rétegzett szájban. Ajánlott párosítás: vacsihoz, ünnepi asztalra ajánlott. Alkoholtartalom: 13.68%.',2,1,1),(39,'Château Lafite Rothschild Petit Verdot 2007',28,11.18,35248,'A Château Lafite Rothschild Petit Verdot 2007 egy elegáns vörös bor, amely elegáns struktúra, tökéletes érlelési potenciállal. Ajánlott párosítás: sashimi-hoz vagy könnyű tengeri ételekhez. Alkoholtartalom: 11.18%.',2,34,1),(40,'Château Lafite Rothschild Pinot Noir 2009',30,11.92,114524,'A Château Lafite Rothschild Pinot Noir 2009 egy elegáns vörös bor, amely virágos illatjegyek és citrusos frissesség. Ajánlott párosítás: érlelt sajtokkal. Alkoholtartalom: 11.92%.',2,3,1),(41,'Château Lafite Rothschild Cuvée 2018',39,13.06,141127,'A Château Lafite Rothschild Cuvée 2018 egy elegáns vörös bor, amely aromája a friss gyümölcsök és enyhe vanília jegyeivel. Ajánlott párosítás: gyümölcssalátával és friss süteményekkel. Alkoholtartalom: 13.06%.',2,3,1),(42,'Château Lafite Rothschild Petit Verdot 2017',38,15.48,34158,'A Château Lafite Rothschild Petit Verdot 2017 egy elegáns vörös bor, amely élénk savakkal és karakteres minerális tónussal. Ajánlott párosítás: érlelt sajtokkal. Alkoholtartalom: 15.48%.',2,34,1),(43,'Château Lafite Rothschild Cabernet Sauvignon 2023',44,14.96,71191,'A Château Lafite Rothschild Cabernet Sauvignon 2023 egy elegáns vörös bor, amely kerek, jól kiegyensúlyozott testtel rendelkezik. Ajánlott párosítás: olasz tésztákkal és pizzával. Alkoholtartalom: 14.96%.',2,1,1),(44,'Château Lafite Rothschild Grenache 2017',38,13.38,108483,'A Château Lafite Rothschild Grenache 2017 egy elegáns vörös bor, amely kóstolva komplex, rétegzett szájban. Ajánlott párosítás: érlelt sajtokkal. Alkoholtartalom: 13.38%.',2,35,1),(45,'Château Lafite Rothschild Cabernet Sauvignon 2007',28,14.34,44431,'A Château Lafite Rothschild Cabernet Sauvignon 2007 egy elegáns vörös bor, amely selymes tanninokkal és hosszan tartó utóízzel. Ajánlott párosítás: fehér húsokkal, csirke és pulyka mellett. Alkoholtartalom: 14.34%.',2,1,1),(46,'Château Lafite Rothschild Grenache 2006',27,14.84,88176,'A Château Lafite Rothschild Grenache 2006 egy elegáns vörös bor, amely aromája a friss gyümölcsök és enyhe vanília jegyeivel. Ajánlott párosítás: halételekkel és könnyű tésztákkal. Alkoholtartalom: 14.84%.',2,35,1),(47,'Château Lafite Rothschild Pinot Noir 2017',38,11.20,66695,'A Château Lafite Rothschild Pinot Noir 2017 egy elegáns vörös bor, amely élénk savakkal és karakteres minerális tónussal. Ajánlott párosítás: érlelt sajtokkal. Alkoholtartalom: 11.2%.',2,3,1),(48,'Château Lafite Rothschild Petit Verdot 2019',40,14.18,95113,'A Château Lafite Rothschild Petit Verdot 2019 egy elegáns vörös bor, amely finoman fűszeres lecsengéssel. Ajánlott párosítás: sashimi-hoz vagy könnyű tengeri ételekhez. Alkoholtartalom: 14.18%.',2,34,1),(49,'Château Latour Pinot Noir 1997',18,13.62,43512,'A Château Latour Pinot Noir 1997 egy elegáns vörös bor, amely élénk savakkal és karakteres minerális tónussal. Ajánlott párosítás: fehér húsokkal, csirke és pulyka mellett. Alkoholtartalom: 13.62%.',3,3,1),(50,'Château Latour Cabernet Sauvignon 2022',43,15.05,51260,'A Château Latour Cabernet Sauvignon 2022 egy elegáns vörös bor, amely kóstolva komplex, rétegzett szájban. Ajánlott párosítás: fehér húsokkal, csirke és pulyka mellett. Alkoholtartalom: 15.05%.',3,1,1),(51,'Château Latour Cuvée 2020',41,14.41,118685,'A Château Latour Cuvée 2020 egy elegáns fehér bor, amely selymes tanninokkal és hosszan tartó utóízzel. Ajánlott párosítás: érlelt sajtokkal. Alkoholtartalom: 14.41%.',3,17,1),(52,'Château Latour Reserve Merlot 2024',45,14.97,28098,'A Château Latour Reserve Merlot 2024 egy elegáns vörös bor, amely gazdag illat, ahol a fekete bogyós gyümölcsök dominálnak. Ajánlott párosítás: sült zöldségekkel és rizottóval. Alkoholtartalom: 14.97%.',3,2,1),(53,'Château Latour Reserve Grenache 2021',42,14.65,58351,'A Château Latour Reserve Grenache 2021 egy elegáns vörös bor, amely kóstolva komplex, rétegzett szájban. Ajánlott párosítás: sült zöldségekkel és rizottóval. Alkoholtartalom: 14.65%.',3,35,1),(54,'Château Latour Chardonnay 2022',43,11.78,127073,'A Château Latour Chardonnay 2022 egy elegáns fehér bor, amely élénk savakkal és karakteres minerális tónussal. Ajánlott párosítás: desszertekkel és patisszériákkal. Alkoholtartalom: 11.78%.',3,17,2),(55,'Château Latour Reserve Grenache 2006',27,11.87,66033,'A Château Latour Reserve Grenache 2006 egy elegáns vörös bor, amely élénk savakkal és karakteres minerális tónussal. Ajánlott párosítás: fehér húsokkal, csirke és pulyka mellett. Alkoholtartalom: 11.87%.',3,35,1),(56,'Château Latour Chardonnay 2017',38,13.38,130458,'A Château Latour Chardonnay 2017 egy elegáns fehér bor, amely aromája a friss gyümölcsök és enyhe vanília jegyeivel. Ajánlott párosítás: halételekkel és könnyű tésztákkal. Alkoholtartalom: 13.38%.',3,17,1),(57,'Château Latour Pinot Noir 2022',43,11.80,145317,'A Château Latour Pinot Noir 2022 egy elegáns vörös bor, amely kóstolva komplex, rétegzett szájban. Ajánlott párosítás: vacsihoz, ünnepi asztalra ajánlott. Alkoholtartalom: 11.8%.',3,3,1),(58,'Château Latour Cuvée 2013',34,14.54,79549,'A Château Latour Cuvée 2013 egy elegáns vörös bor, amely kóstolva komplex, rétegzett szájban. Ajánlott párosítás: sült zöldségekkel és rizottóval. Alkoholtartalom: 14.54%.',3,35,1),(59,'Château Latour Merlot 2022',43,12.15,113598,'A Château Latour Merlot 2022 egy elegáns vörös bor, amely kerek, jól kiegyensúlyozott testtel rendelkezik. Ajánlott párosítás: desszertekkel és patisszériákkal. Alkoholtartalom: 12.15%.',3,2,1),(60,'Château Latour Cabernet Sauvignon 2010',31,15.27,140096,'A Château Latour Cabernet Sauvignon 2010 egy elegáns vörös bor, amely kóstolva komplex, rétegzett szájban. Ajánlott párosítás: olasz tésztákkal és pizzával. Alkoholtartalom: 15.27%.',3,1,1),(61,'Château Latour Grenache 2015',36,12.84,75300,'A Château Latour Grenache 2015 egy elegáns vörös bor, amely finoman fűszeres lecsengéssel. Ajánlott párosítás: desszertekkel és patisszériákkal. Alkoholtartalom: 12.84%.',3,35,1),(62,'Château Latour Chardonnay 2012',33,13.37,137851,'A Château Latour Chardonnay 2012 egy elegáns fehér bor, amely élénk savakkal és karakteres minerális tónussal. Ajánlott párosítás: sült zöldségekkel és rizottóval. Alkoholtartalom: 13.37%.',3,17,1),(63,'Château Latour Reserve Cabernet Sauvignon 2015',36,12.37,51273,'A Château Latour Reserve Cabernet Sauvignon 2015 egy elegáns vörös bor, amely elegáns struktúra, tökéletes érlelési potenciállal. Ajánlott párosítás: fehér húsokkal, csirke és pulyka mellett. Alkoholtartalom: 12.37%.',3,1,1),(64,'Château Latour Reserve Chardonnay 2013',34,13.36,88897,'A Château Latour Reserve Chardonnay 2013 egy elegáns fehér bor, amely finoman fűszeres lecsengéssel. Ajánlott párosítás: halételekkel és könnyű tésztákkal. Alkoholtartalom: 13.36%.',3,17,1),(65,'Château Latour Reserve Grenache 2008',29,13.85,66899,'A Château Latour Reserve Grenache 2008 egy elegáns vörös bor, amely selymes tanninokkal és hosszan tartó utóízzel. Ajánlott párosítás: olasz tésztákkal és pizzával. Alkoholtartalom: 13.85%.',3,35,1),(66,'Château Latour Cuvée 2006',27,11.66,30777,'A Château Latour Cuvée 2006 egy elegáns vörös bor, amely elegáns struktúra, tökéletes érlelési potenciállal. Ajánlott párosítás: halételekkel és könnyű tésztákkal. Alkoholtartalom: 11.66%.',3,2,1),(67,'Château Latour Grenache 2013',34,13.59,114793,'A Château Latour Grenache 2013 egy elegáns vörös bor, amely virágos illatjegyek és citrusos frissesség. Ajánlott párosítás: desszertekkel és patisszériákkal. Alkoholtartalom: 13.59%.',3,35,1),(68,'Château Latour Reserve Grenache 2003',24,11.02,118871,'A Château Latour Reserve Grenache 2003 egy elegáns vörös bor, amely kóstolva komplex, rétegzett szájban. Ajánlott párosítás: sült zöldségekkel és rizottóval. Alkoholtartalom: 11.02%.',3,35,1),(69,'Château Latour Grenache 2006',27,13.33,31277,'A Château Latour Grenache 2006 egy elegáns vörös bor, amely kóstolva komplex, rétegzett szájban. Ajánlott párosítás: gyümölcssalátával és friss süteményekkel. Alkoholtartalom: 13.33%.',3,35,1),(70,'Château Latour Chardonnay 2003',24,13.34,148487,'A Château Latour Chardonnay 2003 egy elegáns fehér bor, amely mézes, aszalt gyümölcsös aromák jellemzik. Ajánlott párosítás: vacsihoz, ünnepi asztalra ajánlott. Alkoholtartalom: 13.34%.',3,17,1),(71,'Château Latour Petit Verdot 2021',42,12.92,138357,'A Château Latour Petit Verdot 2021 egy elegáns vörös bor, amely finoman fűszeres lecsengéssel. Ajánlott párosítás: gyümölcssalátával és friss süteményekkel. Alkoholtartalom: 12.92%.',3,34,1),(72,'Château Latour Reserve Merlot 2013',34,14.78,59664,'A Château Latour Reserve Merlot 2013 egy elegáns vörös bor, amely mézes, aszalt gyümölcsös aromák jellemzik. Ajánlott párosítás: desszertekkel és patisszériákkal. Alkoholtartalom: 14.78%.',3,2,1),(73,'Domaine de la Romanée-Conti Cabernet Sauvignon 2008',29,14.21,54312,'A Domaine de la Romanée-Conti Cabernet Sauvignon 2008 egy elegáns vörös bor, amely kerek, jól kiegyensúlyozott testtel rendelkezik. Ajánlott párosítás: halételekkel és könnyű tésztákkal. Alkoholtartalom: 14.21%.',4,1,1),(74,'Domaine de la Romanée-Conti Merlot 2003',24,12.72,44101,'A Domaine de la Romanée-Conti Merlot 2003 egy elegáns vörös bor, amely virágos illatjegyek és citrusos frissesség. Ajánlott párosítás: sült zöldségekkel és rizottóval. Alkoholtartalom: 12.72%.',4,2,1),(75,'Domaine de la Romanée-Conti Chardonnay 2009',30,12.46,50854,'A Domaine de la Romanée-Conti Chardonnay 2009 egy elegáns fehér bor, amely elegáns struktúra, tökéletes érlelési potenciállal. Ajánlott párosítás: vörös húsokkal és barbecue-val. Alkoholtartalom: 12.46%.',4,17,2),(76,'Domaine de la Romanée-Conti Petit Verdot 2022',43,12.71,25737,'A Domaine de la Romanée-Conti Petit Verdot 2022 egy elegáns vörös bor, amely virágos illatjegyek és citrusos frissesség. Ajánlott párosítás: sült zöldségekkel és rizottóval. Alkoholtartalom: 12.71%.',4,34,1),(77,'Domaine de la Romanée-Conti Grenache 2015',36,13.46,100407,'A Domaine de la Romanée-Conti Grenache 2015 egy elegáns vörös bor, amely selymes tanninokkal és hosszan tartó utóízzel. Ajánlott párosítás: olasz tésztákkal és pizzával. Alkoholtartalom: 13.46%.',4,35,1),(78,'Domaine de la Romanée-Conti Reserve Cabernet Sauvignon 2013',34,12.75,108609,'A Domaine de la Romanée-Conti Reserve Cabernet Sauvignon 2013 egy elegáns vörös bor, amely finoman fűszeres lecsengéssel. Ajánlott párosítás: gyümölcssalátával és friss süteményekkel. Alkoholtartalom: 12.75%.',4,1,1),(79,'Domaine de la Romanée-Conti Petit Verdot 2023',44,13.40,138366,'A Domaine de la Romanée-Conti Petit Verdot 2023 egy elegáns vörös bor, amely aromája a friss gyümölcsök és enyhe vanília jegyeivel. Ajánlott párosítás: halételekkel és könnyű tésztákkal. Alkoholtartalom: 13.4%.',4,34,1),(80,'Domaine de la Romanée-Conti Merlot 2017',38,14.90,47716,'A Domaine de la Romanée-Conti Merlot 2017 egy elegáns vörös bor, amely gazdag illat, ahol a fekete bogyós gyümölcsök dominálnak. Ajánlott párosítás: desszertekkel és patisszériákkal. Alkoholtartalom: 14.9%.',4,2,1),(81,'Domaine de la Romanée-Conti Reserve Pinot Noir 2013',34,14.43,72391,'A Domaine de la Romanée-Conti Reserve Pinot Noir 2013 egy elegáns vörös bor, amely virágos illatjegyek és citrusos frissesség. Ajánlott párosítás: olasz tésztákkal és pizzával. Alkoholtartalom: 14.43%.',4,3,1),(82,'Domaine de la Romanée-Conti Cuvée 2021',42,11.07,92427,'A Domaine de la Romanée-Conti Cuvée 2021 egy elegáns fehér bor, amely gazdag illat, ahol a fekete bogyós gyümölcsök dominálnak. Ajánlott párosítás: desszertekkel és patisszériákkal. Alkoholtartalom: 11.07%.',4,17,1),(83,'Domaine de la Romanée-Conti Grenache 2018',39,11.18,28879,'A Domaine de la Romanée-Conti Grenache 2018 egy elegáns vörös bor, amely aromája a friss gyümölcsök és enyhe vanília jegyeivel. Ajánlott párosítás: vacsihoz, ünnepi asztalra ajánlott. Alkoholtartalom: 11.18%.',4,35,1),(84,'Domaine de la Romanée-Conti Cuvée 2004',25,13.13,39299,'A Domaine de la Romanée-Conti Cuvée 2004 egy elegáns vörös bor, amely mézes, aszalt gyümölcsös aromák jellemzik. Ajánlott párosítás: olasz tésztákkal és pizzával. Alkoholtartalom: 13.13%.',4,2,1),(85,'Domaine de la Romanée-Conti Reserve Merlot 2020',41,13.73,145467,'A Domaine de la Romanée-Conti Reserve Merlot 2020 egy elegáns vörös bor, amely finoman fűszeres lecsengéssel. Ajánlott párosítás: olasz tésztákkal és pizzával. Alkoholtartalom: 13.73%.',4,2,1),(86,'Domaine de la Romanée-Conti Cuvée 2001',22,15.18,96975,'A Domaine de la Romanée-Conti Cuvée 2001 egy elegáns vörös bor, amely virágos illatjegyek és citrusos frissesség. Ajánlott párosítás: sült zöldségekkel és rizottóval. Alkoholtartalom: 15.18%.',4,1,1),(87,'Domaine de la Romanée-Conti Merlot 2023',44,11.34,111327,'A Domaine de la Romanée-Conti Merlot 2023 egy elegáns vörös bor, amely kóstolva komplex, rétegzett szájban. Ajánlott párosítás: olasz tésztákkal és pizzával. Alkoholtartalom: 11.34%.',4,2,1),(90,'Domaine de la Romanée-Conti Reserve Pinot Noir 2001',22,13.86,128588,'A Domaine de la Romanée-Conti Reserve Pinot Noir 2001 egy elegáns vörös bor, amely virágos illatjegyek és citrusos frissesség. Ajánlott párosítás: érlelt sajtokkal. Alkoholtartalom: 13.86%.',4,3,1),(91,'Domaine de la Romanée-Conti Grenache 2019',40,12.22,126025,'A Domaine de la Romanée-Conti Grenache 2019 egy elegáns vörös bor, amely mézes, aszalt gyümölcsös aromák jellemzik. Ajánlott párosítás: gyümölcssalátával és friss süteményekkel. Alkoholtartalom: 12.22%.',4,35,1),(92,'Domaine de la Romanée-Conti Grenache 2013',34,13.67,65288,'A Domaine de la Romanée-Conti Grenache 2013 egy elegáns vörös bor, amely kóstolva komplex, rétegzett szájban. Ajánlott párosítás: olasz tésztákkal és pizzával. Alkoholtartalom: 13.67%.',4,35,1),(93,'Domaine de la Romanée-Conti Merlot 2022',43,14.38,96231,'A Domaine de la Romanée-Conti Merlot 2022 egy elegáns vörös bor, amely gazdag illat, ahol a fekete bogyós gyümölcsök dominálnak. Ajánlott párosítás: vörös húsokkal és barbecue-val. Alkoholtartalom: 14.38%.',4,2,1),(94,'Domaine de la Romanée-Conti Reserve Pinot Noir 2014',35,11.82,51515,'A Domaine de la Romanée-Conti Reserve Pinot Noir 2014 egy elegáns vörös bor, amely gazdag illat, ahol a fekete bogyós gyümölcsök dominálnak. Ajánlott párosítás: olasz tésztákkal és pizzával. Alkoholtartalom: 11.82%.',4,3,1),(95,'Domaine de la Romanée-Conti Grenache 2022',43,14.96,94474,'A Domaine de la Romanée-Conti Grenache 2022 egy elegáns vörös bor, amely selymes tanninokkal és hosszan tartó utóízzel. Ajánlott párosítás: halételekkel és könnyű tésztákkal. Alkoholtartalom: 14.96%.',4,35,1),(96,'Gaja Aglianico 2007',28,13.20,36052,'A Gaja Aglianico 2007 egy elegáns vörös bor, amely mézes, aszalt gyümölcsös aromák jellemzik. Ajánlott párosítás: gyümölcssalátával és friss süteményekkel. Alkoholtartalom: 13.2%.',5,12,1),(97,'Gaja Nebbiolo 2020',41,12.32,22963,'A Gaja Nebbiolo 2020 egy elegáns vörös bor, amely elegáns struktúra, tökéletes érlelési potenciállal. Ajánlott párosítás: fehér húsokkal, csirke és pulyka mellett. Alkoholtartalom: 12.32%.',5,7,1),(98,'Gaja Primitivo 2014',35,12.55,44875,'A Gaja Primitivo 2014 egy elegáns vörös bor, amely gazdag illat, ahol a fekete bogyós gyümölcsök dominálnak. Ajánlott párosítás: gyümölcssalátával és friss süteményekkel. Alkoholtartalom: 12.55%.',5,15,1),(99,'Gaja Barbera 2008',29,12.04,34688,'A Gaja Barbera 2008 egy elegáns vörös bor, amely kerek, jól kiegyensúlyozott testtel rendelkezik. Ajánlott párosítás: érlelt sajtokkal. Alkoholtartalom: 12.04%.',5,10,1),(100,'Gaja Cuvée 2005',26,12.69,34810,'A Gaja Cuvée 2005 egy elegáns fehér bor, amely kerek, jól kiegyensúlyozott testtel rendelkezik. Ajánlott párosítás: vacsihoz, ünnepi asztalra ajánlott. Alkoholtartalom: 12.69%.',5,17,1),(101,'Gaja Nebbiolo 2008',29,14.75,18961,'A Gaja Nebbiolo 2008 egy elegáns vörös bor, amely élénk savakkal és karakteres minerális tónussal. Ajánlott párosítás: vörös húsokkal és barbecue-val. Alkoholtartalom: 14.75%.',5,7,1),(102,'Gaja Sangiovese 2019',40,12.23,44049,'A Gaja Sangiovese 2019 egy elegáns vörös bor, amely finoman fűszeres lecsengéssel. Ajánlott párosítás: gyümölcssalátával és friss süteményekkel. Alkoholtartalom: 12.23%.',5,8,1),(103,'Gaja Nebbiolo 2001',22,13.58,25368,'A Gaja Nebbiolo 2001 egy elegáns vörös bor, amely finoman fűszeres lecsengéssel. Ajánlott párosítás: vörös húsokkal és barbecue-val. Alkoholtartalom: 13.58%.',5,7,1),(105,'Gaja Primitivo 2004',25,15.27,11152,'A Gaja Primitivo 2004 egy elegáns vörös bor, amely kerek, jól kiegyensúlyozott testtel rendelkezik. Ajánlott párosítás: sült zöldségekkel és rizottóval. Alkoholtartalom: 15.27%.',5,15,1),(106,'Gaja Primitivo 2017',38,12.02,27335,'A Gaja Primitivo 2017 egy elegáns vörös bor, amely mézes, aszalt gyümölcsös aromák jellemzik. Ajánlott párosítás: olasz tésztákkal és pizzával. Alkoholtartalom: 12.02%.',5,15,1),(107,'Gaja Aglianico 2022',43,12.37,30978,'A Gaja Aglianico 2022 egy elegáns vörös bor, amely kóstolva komplex, rétegzett szájban. Ajánlott párosítás: desszertekkel és patisszériákkal. Alkoholtartalom: 12.37%.',5,12,1),(108,'Gaja Barbera 2017',38,13.97,13811,'A Gaja Barbera 2017 egy elegáns vörös bor, amely kóstolva komplex, rétegzett szájban. Ajánlott párosítás: érlelt sajtokkal. Alkoholtartalom: 13.97%.',5,10,1),(109,'Gaja Aglianico 1995',16,14.10,25387,'A Gaja Aglianico 1995 egy elegáns vörös bor, amely élénk savakkal és karakteres minerális tónussal. Ajánlott párosítás: olasz tésztákkal és pizzával. Alkoholtartalom: 14.1%.',5,12,1),(110,'Gaja Aglianico 2019',40,11.32,16637,'A Gaja Aglianico 2019 egy elegáns vörös bor, amely elegáns struktúra, tökéletes érlelési potenciállal. Ajánlott párosítás: desszertekkel és patisszériákkal. Alkoholtartalom: 11.32%.',5,12,1),(111,'Tenuta San Guido (Sassicaia) Primitivo 2012',33,12.01,13513,'A Tenuta San Guido (Sassicaia) Primitivo 2012 egy elegáns vörös bor, amely finoman fűszeres lecsengéssel. Ajánlott párosítás: halételekkel és könnyű tésztákkal. Alkoholtartalom: 12.01%.',6,15,1),(112,'Tenuta San Guido (Sassicaia) Cuvée 1998',19,13.68,38497,'A Tenuta San Guido (Sassicaia) Cuvée 1998 egy elegáns vörös bor, amely mézes, aszalt gyümölcsös aromák jellemzik. Ajánlott párosítás: halételekkel és könnyű tésztákkal. Alkoholtartalom: 13.68%.',6,10,1),(113,'Tenuta San Guido (Sassicaia) Barbera 2014',35,14.15,42879,'A Tenuta San Guido (Sassicaia) Barbera 2014 egy elegáns vörös bor, amely mézes, aszalt gyümölcsös aromák jellemzik. Ajánlott párosítás: gyümölcssalátával és friss süteményekkel. Alkoholtartalom: 14.15%.',6,10,1),(114,'Tenuta San Guido (Sassicaia) Nebbiolo 1999',20,15.00,35178,'A Tenuta San Guido (Sassicaia) Nebbiolo 1999 egy elegáns vörös bor, amely aromája a friss gyümölcsök és enyhe vanília jegyeivel. Ajánlott párosítás: halételekkel és könnyű tésztákkal. Alkoholtartalom: 15.0%.',6,7,1),(115,'Tenuta San Guido (Sassicaia) Cuvée 2006',27,13.93,29282,'A Tenuta San Guido (Sassicaia) Cuvée 2006 egy elegáns fehér bor, amely élénk savakkal és karakteres minerális tónussal. Ajánlott párosítás: vacsihoz, ünnepi asztalra ajánlott. Alkoholtartalom: 13.93%.',6,17,2),(116,'Tenuta San Guido (Sassicaia) Cuvée 1997',18,13.12,32106,'A Tenuta San Guido (Sassicaia) Cuvée 1997 egy elegáns vörös bor, amely finoman fűszeres lecsengéssel. Ajánlott párosítás: vacsihoz, ünnepi asztalra ajánlott. Alkoholtartalom: 13.12%.',6,8,1),(117,'Tenuta San Guido (Sassicaia) Aglianico 2013',34,15.36,25390,'A Tenuta San Guido (Sassicaia) Aglianico 2013 egy elegáns vörös bor, amely gazdag illat, ahol a fekete bogyós gyümölcsök dominálnak. Ajánlott párosítás: halételekkel és könnyű tésztákkal. Alkoholtartalom: 15.36%.',6,12,1),(118,'Tenuta San Guido (Sassicaia) Barbera 2022',43,12.85,26332,'A Tenuta San Guido (Sassicaia) Barbera 2022 egy elegáns vörös bor, amely virágos illatjegyek és citrusos frissesség. Ajánlott párosítás: sashimi-hoz vagy könnyű tengeri ételekhez. Alkoholtartalom: 12.85%.',6,10,1),(120,'Tenuta San Guido (Sassicaia) Nebbiolo 2021',42,13.96,28076,'A Tenuta San Guido (Sassicaia) Nebbiolo 2021 egy elegáns vörös bor, amely selymes tanninokkal és hosszan tartó utóízzel. Ajánlott párosítás: sashimi-hoz vagy könnyű tengeri ételekhez. Alkoholtartalom: 13.96%.',6,7,1),(121,'Tenuta San Guido (Sassicaia) Aglianico 2010',31,13.81,36120,'A Tenuta San Guido (Sassicaia) Aglianico 2010 egy elegáns vörös bor, amely kerek, jól kiegyensúlyozott testtel rendelkezik. Ajánlott párosítás: érlelt sajtokkal. Alkoholtartalom: 13.81%.',6,12,1),(122,'Tenuta San Guido (Sassicaia) Aglianico 2023',44,14.96,25934,'A Tenuta San Guido (Sassicaia) Aglianico 2023 egy elegáns vörös bor, amely elegáns struktúra, tökéletes érlelési potenciállal. Ajánlott párosítás: desszertekkel és patisszériákkal. Alkoholtartalom: 14.96%.',6,12,1),(123,'Tenuta San Guido (Sassicaia) Barbera 2019',40,13.48,28433,'A Tenuta San Guido (Sassicaia) Barbera 2019 egy elegáns vörös bor, amely kóstolva komplex, rétegzett szájban. Ajánlott párosítás: gyümölcssalátával és friss süteményekkel. Alkoholtartalom: 13.48%.',6,10,1),(124,'Tenuta San Guido (Sassicaia) Reserve Chardonnay 2023',44,13.91,26440,'A Tenuta San Guido (Sassicaia) Reserve Chardonnay 2023 egy elegáns fehér bor, amely kerek, jól kiegyensúlyozott testtel rendelkezik. Ajánlott párosítás: olasz tésztákkal és pizzával. Alkoholtartalom: 13.91%.',6,17,2),(125,'Tenuta San Guido (Sassicaia) Aglianico 2012',33,15.41,17018,'A Tenuta San Guido (Sassicaia) Aglianico 2012 egy elegáns vörös bor, amely virágos illatjegyek és citrusos frissesség. Ajánlott párosítás: desszertekkel és patisszériákkal. Alkoholtartalom: 15.41%.',6,12,1),(126,'Marchesi Antinori Primitivo 2023',44,14.36,13051,'A Marchesi Antinori Primitivo 2023 egy elegáns vörös bor, amely virágos illatjegyek és citrusos frissesség. Ajánlott párosítás: fehér húsokkal, csirke és pulyka mellett. Alkoholtartalom: 14.36%.',7,15,1),(127,'Marchesi Antinori Reserve Primitivo 2023',44,12.20,8095,'A Marchesi Antinori Reserve Primitivo 2023 egy elegáns vörös bor, amely elegáns struktúra, tökéletes érlelési potenciállal. Ajánlott párosítás: vacsihoz, ünnepi asztalra ajánlott. Alkoholtartalom: 12.2%.',7,15,1),(128,'Marchesi Antinori Aglianico 2024',45,14.89,24522,'A Marchesi Antinori Aglianico 2024 egy elegáns vörös bor, amely gazdag illat, ahol a fekete bogyós gyümölcsök dominálnak. Ajánlott párosítás: sashimi-hoz vagy könnyű tengeri ételekhez. Alkoholtartalom: 14.89%.',7,12,2),(129,'Marchesi Antinori Aglianico 2020',41,13.05,19906,'A Marchesi Antinori Aglianico 2020 egy elegáns vörös bor, amely selymes tanninokkal és hosszan tartó utóízzel. Ajánlott párosítás: vacsihoz, ünnepi asztalra ajánlott. Alkoholtartalom: 13.05%.',7,12,1),(130,'Marchesi Antinori Reserve Aglianico 2011',32,11.20,35554,'A Marchesi Antinori Reserve Aglianico 2011 egy elegáns vörös bor, amely virágos illatjegyek és citrusos frissesség. Ajánlott párosítás: sült zöldségekkel és rizottóval. Alkoholtartalom: 11.2%.',7,12,1),(131,'Marchesi Antinori Chardonnay 2024',45,14.43,26327,'A Marchesi Antinori Chardonnay 2024 egy elegáns fehér bor, amely kerek, jól kiegyensúlyozott testtel rendelkezik. Ajánlott párosítás: vacsihoz, ünnepi asztalra ajánlott. Alkoholtartalom: 14.43%.',7,17,2),(132,'Marchesi Antinori Nebbiolo 2009',30,14.93,24291,'A Marchesi Antinori Nebbiolo 2009 egy elegáns vörös bor, amely mézes, aszalt gyümölcsös aromák jellemzik. Ajánlott párosítás: vörös húsokkal és barbecue-val. Alkoholtartalom: 14.93%.',7,7,1),(133,'Marchesi Antinori Aglianico 2019',40,14.92,43888,'A Marchesi Antinori Aglianico 2019 egy elegáns vörös bor, amely élénk savakkal és karakteres minerális tónussal. Ajánlott párosítás: fehér húsokkal, csirke és pulyka mellett. Alkoholtartalom: 14.92%.',7,12,1),(134,'Marchesi Antinori Reserve Aglianico 2017',38,13.92,39515,'A Marchesi Antinori Reserve Aglianico 2017 egy elegáns vörös bor, amely kerek, jól kiegyensúlyozott testtel rendelkezik. Ajánlott párosítás: sült zöldségekkel és rizottóval. Alkoholtartalom: 13.92%.',7,12,1),(135,'Marchesi Antinori Reserve Chardonnay 2024',45,13.52,36098,'A Marchesi Antinori Reserve Chardonnay 2024 egy elegáns fehér bor, amely aromája a friss gyümölcsök és enyhe vanília jegyeivel. Ajánlott párosítás: vacsihoz, ünnepi asztalra ajánlott. Alkoholtartalom: 13.52%.',7,17,2),(136,'Marchesi Antinori Chardonnay 1999',20,13.40,18633,'A Marchesi Antinori Chardonnay 1999 egy elegáns fehér bor, amely kóstolva komplex, rétegzett szájban. Ajánlott párosítás: sült zöldségekkel és rizottóval. Alkoholtartalom: 13.4%.',7,17,2),(138,'Marchesi Antinori Nebbiolo 1997',18,12.32,21869,'A Marchesi Antinori Nebbiolo 1997 egy elegáns vörös bor, amely kerek, jól kiegyensúlyozott testtel rendelkezik. Ajánlott párosítás: sült zöldségekkel és rizottóval. Alkoholtartalom: 12.32%.',7,7,1),(139,'Marchesi Antinori Reserve Sangiovese 2016',37,11.76,10922,'A Marchesi Antinori Reserve Sangiovese 2016 egy elegáns vörös bor, amely elegáns struktúra, tökéletes érlelési potenciállal. Ajánlott párosítás: desszertekkel és patisszériákkal. Alkoholtartalom: 11.76%.',7,8,1),(140,'Marchesi Antinori Primitivo 2014',35,11.64,25063,'A Marchesi Antinori Primitivo 2014 egy elegáns vörös bor, amely élénk savakkal és karakteres minerális tónussal. Ajánlott párosítás: vörös húsokkal és barbecue-val. Alkoholtartalom: 11.64%.',7,15,1),(141,'Marchesi Antinori Aglianico 2022',43,15.06,33072,'A Marchesi Antinori Aglianico 2022 egy elegáns vörös bor, amely mézes, aszalt gyümölcsös aromák jellemzik. Ajánlott párosítás: fehér húsokkal, csirke és pulyka mellett. Alkoholtartalom: 15.06%.',7,12,1),(142,'Marchesi Antinori Barbera 2024',45,13.88,23699,'A Marchesi Antinori Barbera 2024 egy elegáns vörös bor, amely élénk savakkal és karakteres minerális tónussal. Ajánlott párosítás: desszertekkel és patisszériákkal. Alkoholtartalom: 13.88%.',7,10,1),(144,'Marchesi Antinori Reserve Chardonnay 1996',17,12.39,8300,'A Marchesi Antinori Reserve Chardonnay 1996 egy elegáns fehér bor, amely aromája a friss gyümölcsök és enyhe vanília jegyeivel. Ajánlott párosítás: vacsihoz, ünnepi asztalra ajánlott. Alkoholtartalom: 12.39%.',7,17,2),(145,'Marchesi Antinori Reserve Barbera 2019',40,14.49,16514,'A Marchesi Antinori Reserve Barbera 2019 egy elegáns vörös bor, amely selymes tanninokkal és hosszan tartó utóízzel. Ajánlott párosítás: desszertekkel és patisszériákkal. Alkoholtartalom: 14.49%.',7,10,1),(146,'Marchesi Antinori Chardonnay 2017',38,13.64,36396,'A Marchesi Antinori Chardonnay 2017 egy elegáns fehér bor, amely finoman fűszeres lecsengéssel. Ajánlott párosítás: halételekkel és könnyű tésztákkal. Alkoholtartalom: 13.64%.',7,17,2),(147,'Marchesi Antinori Chardonnay 2023',44,11.14,37179,'A Marchesi Antinori Chardonnay 2023 egy elegáns fehér bor, amely gazdag illat, ahol a fekete bogyós gyümölcsök dominálnak. Ajánlott párosítás: érlelt sajtokkal. Alkoholtartalom: 11.14%.',7,17,2),(148,'Marchesi Antinori Barbera 2000',21,12.47,23374,'A Marchesi Antinori Barbera 2000 egy elegáns vörös bor, amely kerek, jól kiegyensúlyozott testtel rendelkezik. Ajánlott párosítás: fehér húsokkal, csirke és pulyka mellett. Alkoholtartalom: 12.47%.',7,10,1),(149,'Vega Sicilia Reserve Verdejo 2015',36,13.91,17508,'A Vega Sicilia Reserve Verdejo 2015 egy elegáns fehér bor, amely mézes, aszalt gyümölcsös aromák jellemzik. Ajánlott párosítás: olasz tésztákkal és pizzával. Alkoholtartalom: 13.91%.',8,32,2),(150,'Vega Sicilia Verdejo 2019',40,13.81,25328,'A Vega Sicilia Verdejo 2019 egy elegáns fehér bor, amely selymes tanninokkal és hosszan tartó utóízzel. Ajánlott párosítás: sült zöldségekkel és rizottóval. Alkoholtartalom: 13.81%.',8,32,2),(151,'Vega Sicilia Verdejo 2024',45,11.32,22599,'A Vega Sicilia Verdejo 2024 egy elegáns fehér bor, amely kóstolva komplex, rétegzett szájban. Ajánlott párosítás: gyümölcssalátával és friss süteményekkel. Alkoholtartalom: 11.32%.',8,32,2),(152,'Vega Sicilia Cuvée 2011',32,13.05,38429,'A Vega Sicilia Cuvée 2011 egy elegáns fehér bor, amely kóstolva komplex, rétegzett szájban. Ajánlott párosítás: desszertekkel és patisszériákkal. Alkoholtartalom: 13.05%.',8,32,1),(153,'Vega Sicilia Verdejo 2014',35,14.20,16191,'A Vega Sicilia Verdejo 2014 egy elegáns fehér bor, amely mézes, aszalt gyümölcsös aromák jellemzik. Ajánlott párosítás: olasz tésztákkal és pizzával. Alkoholtartalom: 14.2%.',8,32,1),(154,'Vega Sicilia Tempranillo 2017',38,11.63,43012,'A Vega Sicilia Tempranillo 2017 egy elegáns vörös bor, amely mézes, aszalt gyümölcsös aromák jellemzik. Ajánlott párosítás: halételekkel és könnyű tésztákkal. Alkoholtartalom: 11.63%.',8,5,1),(155,'Vega Sicilia Cuvée 2000',21,12.36,21727,'A Vega Sicilia Cuvée 2000 egy elegáns fehér bor, amely kerek, jól kiegyensúlyozott testtel rendelkezik. Ajánlott párosítás: sült zöldségekkel és rizottóval. Alkoholtartalom: 12.36%.',8,27,1),(156,'Vega Sicilia Reserve Albariño 2016',37,14.10,32232,'A Vega Sicilia Reserve Albariño 2016 egy elegáns fehér bor, amely elegáns struktúra, tökéletes érlelési potenciállal. Ajánlott párosítás: sült zöldségekkel és rizottóval. Alkoholtartalom: 14.1%.',8,27,2),(157,'Vega Sicilia Verdejo 2023',44,11.11,21710,'A Vega Sicilia Verdejo 2023 egy elegáns fehér bor, amely selymes tanninokkal és hosszan tartó utóízzel. Ajánlott párosítás: fehér húsokkal, csirke és pulyka mellett. Alkoholtartalom: 11.11%.',8,32,2),(158,'Vega Sicilia Verdejo 2000',21,12.91,44180,'A Vega Sicilia Verdejo 2000 egy elegáns fehér bor, amely virágos illatjegyek és citrusos frissesség. Ajánlott párosítás: olasz tésztákkal és pizzával. Alkoholtartalom: 12.91%.',8,32,2),(159,'Vega Sicilia Tempranillo 2005',26,15.27,38495,'A Vega Sicilia Tempranillo 2005 egy elegáns vörös bor, amely selymes tanninokkal és hosszan tartó utóízzel. Ajánlott párosítás: vacsihoz, ünnepi asztalra ajánlott. Alkoholtartalom: 15.27%.',8,5,1),(160,'Vega Sicilia Tempranillo 2024',45,14.54,17012,'A Vega Sicilia Tempranillo 2024 egy elegáns vörös bor, amely elegáns struktúra, tökéletes érlelési potenciállal. Ajánlott párosítás: desszertekkel és patisszériákkal. Alkoholtartalom: 14.54%.',8,5,1),(161,'Vega Sicilia Albariño 1999',20,13.05,38083,'A Vega Sicilia Albariño 1999 egy elegáns fehér bor, amely finoman fűszeres lecsengéssel. Ajánlott párosítás: vacsihoz, ünnepi asztalra ajánlott. Alkoholtartalom: 13.05%.',8,27,1),(162,'Vega Sicilia Reserve Albariño 1995',16,14.46,27988,'A Vega Sicilia Reserve Albariño 1995 egy elegáns fehér bor, amely kóstolva komplex, rétegzett szájban. Ajánlott párosítás: vörös húsokkal és barbecue-val. Alkoholtartalom: 14.46%.',8,27,2),(163,'Vega Sicilia Verdejo 2002',23,13.76,16803,'A Vega Sicilia Verdejo 2002 egy elegáns fehér bor, amely finoman fűszeres lecsengéssel. Ajánlott párosítás: olasz tésztákkal és pizzával. Alkoholtartalom: 13.76%.',8,32,1),(164,'Marqués de Riscal Garnacha Blanca 1998',19,12.84,35590,'A Marqués de Riscal Garnacha Blanca 1998 egy elegáns fehér bor, amely gazdag illat, ahol a fekete bogyós gyümölcsök dominálnak. Ajánlott párosítás: sashimi-hoz vagy könnyű tengeri ételekhez. Alkoholtartalom: 12.84%.',9,33,2),(165,'Marqués de Riscal Garnacha Blanca 2016',37,12.76,42980,'A Marqués de Riscal Garnacha Blanca 2016 egy elegáns fehér bor, amely kerek, jól kiegyensúlyozott testtel rendelkezik. Ajánlott párosítás: olasz tésztákkal és pizzával. Alkoholtartalom: 12.76%.',9,33,2),(166,'Marqués de Riscal Tempranillo 2013',34,11.27,25722,'A Marqués de Riscal Tempranillo 2013 egy elegáns vörös bor, amely kóstolva komplex, rétegzett szájban. Ajánlott párosítás: gyümölcssalátával és friss süteményekkel. Alkoholtartalom: 11.27%.',9,5,1),(167,'Marqués de Riscal Garnacha Blanca 2019',40,11.26,10989,'A Marqués de Riscal Garnacha Blanca 2019 egy elegáns fehér bor, amely kóstolva komplex, rétegzett szájban. Ajánlott párosítás: érlelt sajtokkal. Alkoholtartalom: 11.26%.',9,33,2),(168,'Marqués de Riscal Verdejo 2008',29,12.33,30104,'A Marqués de Riscal Verdejo 2008 egy elegáns fehér bor, amely kerek, jól kiegyensúlyozott testtel rendelkezik. Ajánlott párosítás: vacsihoz, ünnepi asztalra ajánlott. Alkoholtartalom: 12.33%.',9,32,2),(169,'Marqués de Riscal Reserve Tempranillo 2012',33,14.84,32084,'A Marqués de Riscal Reserve Tempranillo 2012 egy elegáns vörös bor, amely selymes tanninokkal és hosszan tartó utóízzel. Ajánlott párosítás: sült zöldségekkel és rizottóval. Alkoholtartalom: 14.84%.',9,5,1),(170,'Marqués de Riscal Albariño 2013',34,12.45,38615,'A Marqués de Riscal Albariño 2013 egy elegáns fehér bor, amely kóstolva komplex, rétegzett szájban. Ajánlott párosítás: fehér húsokkal, csirke és pulyka mellett. Alkoholtartalom: 12.45%.',9,27,1),(171,'Marqués de Riscal Cuvée 2012',33,12.31,13648,'A Marqués de Riscal Cuvée 2012 egy elegáns fehér bor, amely kóstolva komplex, rétegzett szájban. Ajánlott párosítás: halételekkel és könnyű tésztákkal. Alkoholtartalom: 12.31%.',9,32,1),(172,'Marqués de Riscal Tempranillo 2021',42,12.94,35550,'A Marqués de Riscal Tempranillo 2021 egy elegáns vörös bor, amely finoman fűszeres lecsengéssel. Ajánlott párosítás: sashimi-hoz vagy könnyű tengeri ételekhez. Alkoholtartalom: 12.94%.',9,5,1),(173,'Marqués de Riscal Reserve Verdejo 1998',19,13.35,23200,'A Marqués de Riscal Reserve Verdejo 1998 egy elegáns fehér bor, amely virágos illatjegyek és citrusos frissesség. Ajánlott párosítás: vörös húsokkal és barbecue-val. Alkoholtartalom: 13.35%.',9,32,2),(174,'Marqués de Riscal Verdejo 2024',45,12.23,29383,'A Marqués de Riscal Verdejo 2024 egy elegáns fehér bor, amely mézes, aszalt gyümölcsös aromák jellemzik. Ajánlott párosítás: desszertekkel és patisszériákkal. Alkoholtartalom: 12.23%.',9,32,2),(175,'Marqués de Riscal Reserve Verdejo 2021',42,13.96,21600,'A Marqués de Riscal Reserve Verdejo 2021 egy elegáns fehér bor, amely elegáns struktúra, tökéletes érlelési potenciállal. Ajánlott párosítás: desszertekkel és patisszériákkal. Alkoholtartalom: 13.96%.',9,32,2),(178,'Marqués de Riscal Tempranillo 2018',39,11.64,31427,'A Marqués de Riscal Tempranillo 2018 egy elegáns vörös bor, amely kerek, jól kiegyensúlyozott testtel rendelkezik. Ajánlott párosítás: desszertekkel és patisszériákkal. Alkoholtartalom: 11.64%.',9,5,1),(179,'Penfolds Reserve Chardonnay 2011',32,12.19,71257,'A Penfolds Reserve Chardonnay 2011 egy elegáns fehér bor, amely elegáns struktúra, tökéletes érlelési potenciállal. Ajánlott párosítás: vacsihoz, ünnepi asztalra ajánlott. Alkoholtartalom: 12.19%.',10,17,2),(180,'Penfolds Cabernet Sauvignon 2000',21,11.70,119304,'A Penfolds Cabernet Sauvignon 2000 egy elegáns vörös bor, amely kóstolva komplex, rétegzett szájban. Ajánlott párosítás: olasz tésztákkal és pizzával. Alkoholtartalom: 11.7%.',10,1,1),(181,'Penfolds Chardonnay 2013',34,12.70,80256,'A Penfolds Chardonnay 2013 egy elegáns fehér bor, amely kerek, jól kiegyensúlyozott testtel rendelkezik. Ajánlott párosítás: halételekkel és könnyű tésztákkal. Alkoholtartalom: 12.7%.',10,17,2),(182,'Penfolds Cabernet Sauvignon 2010',31,12.27,109811,'A Penfolds Cabernet Sauvignon 2010 egy elegáns vörös bor, amely élénk savakkal és karakteres minerális tónussal. Ajánlott párosítás: vörös húsokkal és barbecue-val. Alkoholtartalom: 12.27%.',10,1,1),(183,'Penfolds Cuvée 2006',27,11.25,50553,'A Penfolds Cuvée 2006 egy elegáns vörös bor, amely finoman fűszeres lecsengéssel. Ajánlott párosítás: olasz tésztákkal és pizzával. Alkoholtartalom: 11.25%.',10,35,1),(184,'Penfolds Cabernet Sauvignon 2008',29,11.03,118377,'A Penfolds Cabernet Sauvignon 2008 egy elegáns vörös bor, amely virágos illatjegyek és citrusos frissesség. Ajánlott párosítás: sashimi-hoz vagy könnyű tengeri ételekhez. Alkoholtartalom: 11.03%.',10,1,1),(185,'Penfolds Grenache 2019',40,13.51,108506,'A Penfolds Grenache 2019 egy elegáns vörös bor, amely virágos illatjegyek és citrusos frissesség. Ajánlott párosítás: vörös húsokkal és barbecue-val. Alkoholtartalom: 13.51%.',10,35,1),(187,'Penfolds Cuvée 2019',40,12.01,75629,'A Penfolds Cuvée 2019 egy elegáns fehér bor, amely finoman fűszeres lecsengéssel. Ajánlott párosítás: vacsihoz, ünnepi asztalra ajánlott. Alkoholtartalom: 12.01%.',10,17,1),(188,'Penfolds Zinfandel 2013',34,11.40,130561,'A Penfolds Zinfandel 2013 egy elegáns vörös bor, amely elegáns struktúra, tökéletes érlelési potenciállal. Ajánlott párosítás: sült zöldségekkel és rizottóval. Alkoholtartalom: 11.4%.',10,9,1),(189,'Penfolds Chardonnay 2015',36,14.05,118226,'A Penfolds Chardonnay 2015 egy elegáns fehér bor, amely finoman fűszeres lecsengéssel. Ajánlott párosítás: halételekkel és könnyű tésztákkal. Alkoholtartalom: 14.05%.',10,17,2),(190,'Penfolds Reserve Cabernet Sauvignon 2015',36,13.39,49238,'A Penfolds Reserve Cabernet Sauvignon 2015 egy elegáns vörös bor, amely gazdag illat, ahol a fekete bogyós gyümölcsök dominálnak. Ajánlott párosítás: érlelt sajtokkal. Alkoholtartalom: 13.39%.',10,1,1),(191,'Penfolds Syrah 2007',28,12.15,46687,'A Penfolds Syrah 2007 egy elegáns vörös bor, amely kóstolva komplex, rétegzett szájban. Ajánlott párosítás: érlelt sajtokkal. Alkoholtartalom: 12.15%.',10,4,1),(192,'Penfolds Chardonnay 2024',45,12.62,95467,'A Penfolds Chardonnay 2024 egy elegáns fehér bor, amely elegáns struktúra, tökéletes érlelési potenciállal. Ajánlott párosítás: vacsihoz, ünnepi asztalra ajánlott. Alkoholtartalom: 12.62%.',10,17,2),(193,'Penfolds Zinfandel 2009',30,11.68,33536,'A Penfolds Zinfandel 2009 egy elegáns vörös bor, amely élénk savakkal és karakteres minerális tónussal. Ajánlott párosítás: olasz tésztákkal és pizzával. Alkoholtartalom: 11.68%.',10,9,1),(194,'Penfolds Zinfandel 2016',37,13.28,63801,'A Penfolds Zinfandel 2016 egy elegáns vörös bor, amely aromája a friss gyümölcsök és enyhe vanília jegyeivel. Ajánlott párosítás: fehér húsokkal, csirke és pulyka mellett. Alkoholtartalom: 13.28%.',10,9,1),(195,'Penfolds Cabernet Sauvignon 2021',42,13.90,147171,'A Penfolds Cabernet Sauvignon 2021 egy elegáns vörös bor, amely elegáns struktúra, tökéletes érlelési potenciállal. Ajánlott párosítás: sashimi-hoz vagy könnyű tengeri ételekhez. Alkoholtartalom: 13.9%.',10,1,1),(196,'Penfolds Reserve Grenache 2011',32,13.49,123977,'A Penfolds Reserve Grenache 2011 egy elegáns vörös bor, amely mézes, aszalt gyümölcsös aromák jellemzik. Ajánlott párosítás: vacsihoz, ünnepi asztalra ajánlott. Alkoholtartalom: 13.49%.',10,35,1),(197,'Penfolds Cuvée 2018',39,13.72,87671,'A Penfolds Cuvée 2018 egy elegáns vörös bor, amely mézes, aszalt gyümölcsös aromák jellemzik. Ajánlott párosítás: halételekkel és könnyű tésztákkal. Alkoholtartalom: 13.72%.',10,9,1),(198,'Penfolds Zinfandel 2021',42,15.42,35541,'A Penfolds Zinfandel 2021 egy elegáns vörös bor, amely aromája a friss gyümölcsök és enyhe vanília jegyeivel. Ajánlott párosítás: desszertekkel és patisszériákkal. Alkoholtartalom: 15.42%.',10,9,1),(199,'Penfolds Chardonnay 2019',40,12.83,101226,'A Penfolds Chardonnay 2019 egy elegáns fehér bor, amely élénk savakkal és karakteres minerális tónussal. Ajánlott párosítás: sült zöldségekkel és rizottóval. Alkoholtartalom: 12.83%.',10,17,2),(200,'Penfolds Zinfandel 2012',33,14.06,31546,'A Penfolds Zinfandel 2012 egy elegáns vörös bor, amely gazdag illat, ahol a fekete bogyós gyümölcsök dominálnak. Ajánlott párosítás: halételekkel és könnyű tésztákkal. Alkoholtartalom: 14.06%.',10,9,1),(201,'Penfolds Reserve Grenache 2009',30,14.05,60518,'A Penfolds Reserve Grenache 2009 egy elegáns vörös bor, amely elegáns struktúra, tökéletes érlelési potenciállal. Ajánlott párosítás: érlelt sajtokkal. Alkoholtartalom: 14.05%.',10,35,1),(202,'Cloudy Bay Sauvignon Blanc 2010',31,13.32,41920,'A Cloudy Bay Sauvignon Blanc 2010 egy elegáns fehér bor, amely virágos illatjegyek és citrusos frissesség. Ajánlott párosítás: érlelt sajtokkal. Alkoholtartalom: 13.32%.',11,18,2),(203,'Cloudy Bay Reserve Pinot Noir 2016',37,12.39,21937,'A Cloudy Bay Reserve Pinot Noir 2016 egy elegáns vörös bor, amely finoman fűszeres lecsengéssel. Ajánlott párosítás: sashimi-hoz vagy könnyű tengeri ételekhez. Alkoholtartalom: 12.39%.',11,3,1),(204,'Cloudy Bay Sauvignon Blanc 2000',21,12.48,21388,'A Cloudy Bay Sauvignon Blanc 2000 egy elegáns fehér bor, amely finoman fűszeres lecsengéssel. Ajánlott párosítás: desszertekkel és patisszériákkal. Alkoholtartalom: 12.48%.',11,18,2),(205,'Cloudy Bay Chardonnay 2010',31,11.67,44999,'A Cloudy Bay Chardonnay 2010 egy elegáns fehér bor, amely élénk savakkal és karakteres minerális tónussal. Ajánlott párosítás: halételekkel és könnyű tésztákkal. Alkoholtartalom: 11.67%.',11,17,2),(206,'Cloudy Bay Sauvignon Blanc 2015',36,13.92,40696,'A Cloudy Bay Sauvignon Blanc 2015 egy elegáns fehér bor, amely gazdag illat, ahol a fekete bogyós gyümölcsök dominálnak. Ajánlott párosítás: vacsihoz, ünnepi asztalra ajánlott. Alkoholtartalom: 13.92%.',11,18,2),(207,'Cloudy Bay Chardonnay 2002',23,11.54,14691,'A Cloudy Bay Chardonnay 2002 egy elegáns fehér bor, amely elegáns struktúra, tökéletes érlelési potenciállal. Ajánlott párosítás: érlelt sajtokkal. Alkoholtartalom: 11.54%.',11,17,2),(208,'Cloudy Bay Pinot Noir 2019',40,12.85,33025,'A Cloudy Bay Pinot Noir 2019 egy elegáns vörös bor, amely mézes, aszalt gyümölcsös aromák jellemzik. Ajánlott párosítás: vacsihoz, ünnepi asztalra ajánlott. Alkoholtartalom: 12.85%.',11,3,1),(209,'Cloudy Bay Sauvignon Blanc 2008',29,13.74,16658,'A Cloudy Bay Sauvignon Blanc 2008 egy elegáns fehér bor, amely mézes, aszalt gyümölcsös aromák jellemzik. Ajánlott párosítás: desszertekkel és patisszériákkal. Alkoholtartalom: 13.74%.',11,18,2),(210,'Cloudy Bay Sauvignon Blanc 2011',32,14.45,25082,'A Cloudy Bay Sauvignon Blanc 2011 egy elegáns fehér bor, amely virágos illatjegyek és citrusos frissesség. Ajánlott párosítás: sashimi-hoz vagy könnyű tengeri ételekhez. Alkoholtartalom: 14.45%.',11,18,2),(211,'Cloudy Bay Pinot Noir 2015',36,14.68,37647,'A Cloudy Bay Pinot Noir 2015 egy elegáns vörös bor, amely élénk savakkal és karakteres minerális tónussal. Ajánlott párosítás: vörös húsokkal és barbecue-val. Alkoholtartalom: 14.68%.',11,3,1),(212,'Cloudy Bay Reserve Chardonnay 2017',38,12.94,11796,'A Cloudy Bay Reserve Chardonnay 2017 egy elegáns fehér bor, amely kóstolva komplex, rétegzett szájban. Ajánlott párosítás: olasz tésztákkal és pizzával. Alkoholtartalom: 12.94%.',11,17,2),(213,'Cloudy Bay Pinot Noir 2000',21,12.23,41496,'A Cloudy Bay Pinot Noir 2000 egy elegáns vörös bor, amely virágos illatjegyek és citrusos frissesség. Ajánlott párosítás: halételekkel és könnyű tésztákkal. Alkoholtartalom: 12.23%.',11,3,1),(214,'Cloudy Bay Cuvée 2023',44,14.68,40731,'A Cloudy Bay Cuvée 2023 egy elegáns vörös bor, amely virágos illatjegyek és citrusos frissesség. Ajánlott párosítás: vörös húsokkal és barbecue-val. Alkoholtartalom: 14.68%.',11,3,2),(215,'Cloudy Bay Chardonnay 2011',32,11.83,44797,'A Cloudy Bay Chardonnay 2011 egy elegáns fehér bor, amely aromája a friss gyümölcsök és enyhe vanília jegyeivel. Ajánlott párosítás: fehér húsokkal, csirke és pulyka mellett. Alkoholtartalom: 11.83%.',11,17,2),(216,'Cloudy Bay Sauvignon Blanc 2023',44,13.27,37281,'A Cloudy Bay Sauvignon Blanc 2023 egy elegáns fehér bor, amely élénk savakkal és karakteres minerális tónussal. Ajánlott párosítás: gyümölcssalátával és friss süteményekkel. Alkoholtartalom: 13.27%.',11,18,2),(217,'Robert Mondavi Merlot 2018',39,14.41,25357,'A Robert Mondavi Merlot 2018 egy elegáns vörös bor, amely kóstolva komplex, rétegzett szájban. Ajánlott párosítás: vörös húsokkal és barbecue-val. Alkoholtartalom: 14.41%.',12,2,1),(218,'Robert Mondavi Merlot 2007',28,13.47,34908,'A Robert Mondavi Merlot 2007 egy elegáns vörös bor, amely kóstolva komplex, rétegzett szájban. Ajánlott párosítás: olasz tésztákkal és pizzával. Alkoholtartalom: 13.47%.',12,2,1),(219,'Robert Mondavi Reserve Cabernet Sauvignon 2007',28,11.21,23534,'A Robert Mondavi Reserve Cabernet Sauvignon 2007 egy elegáns vörös bor, amely mézes, aszalt gyümölcsös aromák jellemzik. Ajánlott párosítás: halételekkel és könnyű tésztákkal. Alkoholtartalom: 11.21%.',12,1,1),(220,'Robert Mondavi Zinfandel 2001',22,13.69,8608,'A Robert Mondavi Zinfandel 2001 egy elegáns vörös bor, amely selymes tanninokkal és hosszan tartó utóízzel. Ajánlott párosítás: érlelt sajtokkal. Alkoholtartalom: 13.69%.',12,9,1),(221,'Robert Mondavi Cabernet Sauvignon 2008',29,13.77,16901,'A Robert Mondavi Cabernet Sauvignon 2008 egy elegáns vörös bor, amely kóstolva komplex, rétegzett szájban. Ajánlott párosítás: sashimi-hoz vagy könnyű tengeri ételekhez. Alkoholtartalom: 13.77%.',12,1,1),(222,'Robert Mondavi Reserve Cabernet Sauvignon 2024',45,15.29,28131,'A Robert Mondavi Reserve Cabernet Sauvignon 2024 egy elegáns vörös bor, amely kerek, jól kiegyensúlyozott testtel rendelkezik. Ajánlott párosítás: sashimi-hoz vagy könnyű tengeri ételekhez. Alkoholtartalom: 15.29%.',12,1,1),(223,'Robert Mondavi Zinfandel 1996',17,11.20,22315,'A Robert Mondavi Zinfandel 1996 egy elegáns vörös bor, amely aromája a friss gyümölcsök és enyhe vanília jegyeivel. Ajánlott párosítás: fehér húsokkal, csirke és pulyka mellett. Alkoholtartalom: 11.2%.',12,9,1),(224,'Robert Mondavi Pinot Noir 2020',41,12.09,32313,'A Robert Mondavi Pinot Noir 2020 egy elegáns vörös bor, amely elegáns struktúra, tökéletes érlelési potenciállal. Ajánlott párosítás: fehér húsokkal, csirke és pulyka mellett. Alkoholtartalom: 12.09%.',12,3,1),(225,'Robert Mondavi Pinot Noir 2003',24,13.46,38100,'A Robert Mondavi Pinot Noir 2003 egy elegáns vörös bor, amely mézes, aszalt gyümölcsös aromák jellemzik. Ajánlott párosítás: gyümölcssalátával és friss süteményekkel. Alkoholtartalom: 13.46%.',12,3,1),(226,'Robert Mondavi Merlot 2017',38,11.28,36719,'A Robert Mondavi Merlot 2017 egy elegáns vörös bor, amely élénk savakkal és karakteres minerális tónussal. Ajánlott párosítás: desszertekkel és patisszériákkal. Alkoholtartalom: 11.28%.',12,2,1),(227,'Robert Mondavi Merlot 1997',18,14.99,19677,'A Robert Mondavi Merlot 1997 egy elegáns vörös bor, amely virágos illatjegyek és citrusos frissesség. Ajánlott párosítás: sashimi-hoz vagy könnyű tengeri ételekhez. Alkoholtartalom: 14.99%.',12,2,1),(228,'Robert Mondavi Cabernet Sauvignon 2014',35,14.39,15071,'A Robert Mondavi Cabernet Sauvignon 2014 egy elegáns vörös bor, amely aromája a friss gyümölcsök és enyhe vanília jegyeivel. Ajánlott párosítás: fehér húsokkal, csirke és pulyka mellett. Alkoholtartalom: 14.39%.',12,1,1),(229,'Robert Mondavi Pinot Noir 2008',29,12.97,22801,'A Robert Mondavi Pinot Noir 2008 egy elegáns vörös bor, amely virágos illatjegyek és citrusos frissesség. Ajánlott párosítás: fehér húsokkal, csirke és pulyka mellett. Alkoholtartalom: 12.97%.',12,3,1),(230,'Robert Mondavi Reserve Zinfandel 2024',45,14.11,21592,'A Robert Mondavi Reserve Zinfandel 2024 egy elegáns vörös bor, amely élénk savakkal és karakteres minerális tónussal. Ajánlott párosítás: halételekkel és könnyű tésztákkal. Alkoholtartalom: 14.11%.',12,9,1),(231,'Robert Mondavi Cabernet Sauvignon 2019',40,12.94,44819,'A Robert Mondavi Cabernet Sauvignon 2019 egy elegáns vörös bor, amely élénk savakkal és karakteres minerális tónussal. Ajánlott párosítás: fehér húsokkal, csirke és pulyka mellett. Alkoholtartalom: 12.94%.',12,1,1),(232,'Opus One Pinot Noir 2001',22,13.97,63312,'A Opus One Pinot Noir 2001 egy elegáns vörös bor, amely virágos illatjegyek és citrusos frissesség. Ajánlott párosítás: érlelt sajtokkal. Alkoholtartalom: 13.97%.',13,3,1),(233,'Opus One Cuvée 2018',39,13.01,115852,'A Opus One Cuvée 2018 egy elegáns vörös bor, amely elegáns struktúra, tökéletes érlelési potenciállal. Ajánlott párosítás: sült zöldségekkel és rizottóval. Alkoholtartalom: 13.01%.',13,3,1),(234,'Opus One Cabernet Sauvignon 2008',29,11.34,104689,'A Opus One Cabernet Sauvignon 2008 egy elegáns vörös bor, amely finoman fűszeres lecsengéssel. Ajánlott párosítás: vörös húsokkal és barbecue-val. Alkoholtartalom: 11.34%.',13,1,1),(235,'Opus One Chardonnay 2003',24,13.37,79772,'A Opus One Chardonnay 2003 egy elegáns fehér bor, amely selymes tanninokkal és hosszan tartó utóízzel. Ajánlott párosítás: fehér húsokkal, csirke és pulyka mellett. Alkoholtartalom: 13.37%.',13,17,1),(236,'Opus One Chardonnay 2010',31,11.11,44180,'A Opus One Chardonnay 2010 egy elegáns fehér bor, amely gazdag illat, ahol a fekete bogyós gyümölcsök dominálnak. Ajánlott párosítás: fehér húsokkal, csirke és pulyka mellett. Alkoholtartalom: 11.11%.',13,17,2),(237,'Opus One Cabernet Sauvignon 2013',34,13.58,91182,'A Opus One Cabernet Sauvignon 2013 egy elegáns vörös bor, amely élénk savakkal és karakteres minerális tónussal. Ajánlott párosítás: desszertekkel és patisszériákkal. Alkoholtartalom: 13.58%.',13,1,1),(238,'Opus One Cabernet Sauvignon 2024',45,14.31,87381,'A Opus One Cabernet Sauvignon 2024 egy elegáns vörös bor, amely kerek, jól kiegyensúlyozott testtel rendelkezik. Ajánlott párosítás: halételekkel és könnyű tésztákkal. Alkoholtartalom: 14.31%.',13,1,1),(239,'Opus One Pinot Noir 2007',28,14.17,51821,'A Opus One Pinot Noir 2007 egy elegáns vörös bor, amely mézes, aszalt gyümölcsös aromák jellemzik. Ajánlott párosítás: desszertekkel és patisszériákkal. Alkoholtartalom: 14.17%.',13,3,1),(240,'Opus One Cabernet Sauvignon 2002',23,13.03,137335,'A Opus One Cabernet Sauvignon 2002 egy elegáns vörös bor, amely kóstolva komplex, rétegzett szájban. Ajánlott párosítás: fehér húsokkal, csirke és pulyka mellett. Alkoholtartalom: 13.03%.',13,1,1),(241,'Opus One Cabernet Sauvignon 2018',39,13.47,61295,'A Opus One Cabernet Sauvignon 2018 egy elegáns vörös bor, amely finoman fűszeres lecsengéssel. Ajánlott párosítás: érlelt sajtokkal. Alkoholtartalom: 13.47%.',13,1,1),(242,'Opus One Reserve Chardonnay 2020',41,11.78,148142,'A Opus One Reserve Chardonnay 2020 egy elegáns fehér bor, amely selymes tanninokkal és hosszan tartó utóízzel. Ajánlott párosítás: gyümölcssalátával és friss süteményekkel. Alkoholtartalom: 11.78%.',13,17,1),(243,'Opus One Cuvée 1996',17,13.00,83426,'A Opus One Cuvée 1996 egy elegáns fehér bor, amely finoman fűszeres lecsengéssel. Ajánlott párosítás: vacsihoz, ünnepi asztalra ajánlott. Alkoholtartalom: 13.0%.',13,17,1),(244,'Opus One Reserve Cabernet Sauvignon 2022',43,12.39,149949,'A Opus One Reserve Cabernet Sauvignon 2022 egy elegáns vörös bor, amely kerek, jól kiegyensúlyozott testtel rendelkezik. Ajánlott párosítás: sült zöldségekkel és rizottóval. Alkoholtartalom: 12.39%.',13,1,1),(245,'Opus One Chardonnay 2020',41,11.26,146547,'A Opus One Chardonnay 2020 egy elegáns fehér bor, amely mézes, aszalt gyümölcsös aromák jellemzik. Ajánlott párosítás: gyümölcssalátával és friss süteményekkel. Alkoholtartalom: 11.26%.',13,17,1),(246,'Opus One Pinot Noir 2018',39,11.58,128632,'A Opus One Pinot Noir 2018 egy elegáns vörös bor, amely elegáns struktúra, tökéletes érlelési potenciállal. Ajánlott párosítás: érlelt sajtokkal. Alkoholtartalom: 11.58%.',13,3,1),(247,'Concha y Toro Merlot 2020',41,12.95,41696,'A Concha y Toro Merlot 2020 egy elegáns vörös bor, amely kóstolva komplex, rétegzett szájban. Ajánlott párosítás: sashimi-hoz vagy könnyű tengeri ételekhez. Alkoholtartalom: 12.95%.',14,2,1),(248,'Concha y Toro Merlot 2004',25,11.73,42585,'A Concha y Toro Merlot 2004 egy elegáns vörös bor, amely kerek, jól kiegyensúlyozott testtel rendelkezik. Ajánlott párosítás: olasz tésztákkal és pizzával. Alkoholtartalom: 11.73%.',14,2,1),(249,'Concha y Toro Carmenere 2021',42,11.88,43385,'A Concha y Toro Carmenere 2021 egy elegáns vörös bor, amely élénk savakkal és karakteres minerális tónussal. Ajánlott párosítás: vacsihoz, ünnepi asztalra ajánlott. Alkoholtartalom: 11.88%.',14,14,1),(250,'Concha y Toro Merlot 2015',36,13.66,29484,'A Concha y Toro Merlot 2015 egy elegáns vörös bor, amely elegáns struktúra, tökéletes érlelési potenciállal. Ajánlott párosítás: vacsihoz, ünnepi asztalra ajánlott. Alkoholtartalom: 13.66%.',14,2,1),(251,'Concha y Toro Cabernet Sauvignon 2010',31,14.71,9050,'A Concha y Toro Cabernet Sauvignon 2010 egy elegáns vörös bor, amely elegáns struktúra, tökéletes érlelési potenciállal. Ajánlott párosítás: olasz tésztákkal és pizzával. Alkoholtartalom: 14.71%.',14,1,1),(252,'Concha y Toro Reserve Sauvignon Blanc 2018',39,13.16,9121,'A Concha y Toro Reserve Sauvignon Blanc 2018 egy elegáns fehér bor, amely kerek, jól kiegyensúlyozott testtel rendelkezik. Ajánlott párosítás: olasz tésztákkal és pizzával. Alkoholtartalom: 13.16%.',14,18,2),(253,'Concha y Toro Carmenere 2017',38,13.17,37773,'A Concha y Toro Carmenere 2017 egy elegáns vörös bor, amely élénk savakkal és karakteres minerális tónussal. Ajánlott párosítás: gyümölcssalátával és friss süteményekkel. Alkoholtartalom: 13.17%.',14,14,1),(254,'Concha y Toro Cabernet Sauvignon 1999',20,11.71,23378,'A Concha y Toro Cabernet Sauvignon 1999 egy elegáns vörös bor, amely gazdag illat, ahol a fekete bogyós gyümölcsök dominálnak. Ajánlott párosítás: vacsihoz, ünnepi asztalra ajánlott. Alkoholtartalom: 11.71%.',14,1,1),(255,'Concha y Toro Cuvée 2003',24,14.30,39849,'A Concha y Toro Cuvée 2003 egy elegáns vörös bor, amely finoman fűszeres lecsengéssel. Ajánlott párosítás: fehér húsokkal, csirke és pulyka mellett. Alkoholtartalom: 14.3%.',14,14,1),(256,'Concha y Toro Cabernet Sauvignon 2015',36,12.44,25259,'A Concha y Toro Cabernet Sauvignon 2015 egy elegáns vörös bor, amely selymes tanninokkal és hosszan tartó utóízzel. Ajánlott párosítás: érlelt sajtokkal. Alkoholtartalom: 12.44%.',14,1,1),(257,'Concha y Toro Carmenere 2000',21,15.25,39974,'A Concha y Toro Carmenere 2000 egy elegáns vörös bor, amely finoman fűszeres lecsengéssel. Ajánlott párosítás: fehér húsokkal, csirke és pulyka mellett. Alkoholtartalom: 15.25%.',14,14,1),(258,'Concha y Toro Cuvée 2023',44,11.85,13896,'A Concha y Toro Cuvée 2023 egy elegáns vörös bor, amely mézes, aszalt gyümölcsös aromák jellemzik. Ajánlott párosítás: gyümölcssalátával és friss süteményekkel. Alkoholtartalom: 11.85%.',14,14,1),(259,'Concha y Toro Sauvignon Blanc 2022',43,11.08,42974,'A Concha y Toro Sauvignon Blanc 2022 egy elegáns fehér bor, amely selymes tanninokkal és hosszan tartó utóízzel. Ajánlott párosítás: desszertekkel és patisszériákkal. Alkoholtartalom: 11.08%.',14,18,2),(260,'Concha y Toro Reserve Cabernet Sauvignon 2016',37,11.23,26311,'A Concha y Toro Reserve Cabernet Sauvignon 2016 egy elegáns vörös bor, amely mézes, aszalt gyümölcsös aromák jellemzik. Ajánlott párosítás: olasz tésztákkal és pizzával. Alkoholtartalom: 11.23%.',14,1,1),(261,'Concha y Toro Reserve Cabernet Sauvignon 2015',36,12.94,40651,'A Concha y Toro Reserve Cabernet Sauvignon 2015 egy elegáns vörös bor, amely virágos illatjegyek és citrusos frissesség. Ajánlott párosítás: fehér húsokkal, csirke és pulyka mellett. Alkoholtartalom: 12.94%.',14,1,1),(262,'Concha y Toro Cabernet Sauvignon 1997',18,13.57,15202,'A Concha y Toro Cabernet Sauvignon 1997 egy elegáns vörös bor, amely kóstolva komplex, rétegzett szájban. Ajánlott párosítás: sült zöldségekkel és rizottóval. Alkoholtartalom: 13.57%.',14,1,1),(263,'Concha y Toro Carmenere 2015',36,14.71,31060,'A Concha y Toro Carmenere 2015 egy elegáns vörös bor, amely finoman fűszeres lecsengéssel. Ajánlott párosítás: halételekkel és könnyű tésztákkal. Alkoholtartalom: 14.71%.',14,14,1),(264,'Concha y Toro Carmenere 2011',32,13.51,21527,'A Concha y Toro Carmenere 2011 egy elegáns vörös bor, amely elegáns struktúra, tökéletes érlelési potenciállal. Ajánlott párosítás: sashimi-hoz vagy könnyű tengeri ételekhez. Alkoholtartalom: 13.51%.',14,14,1),(265,'Concha y Toro Cabernet Sauvignon 2012',33,11.20,13070,'A Concha y Toro Cabernet Sauvignon 2012 egy elegáns vörös bor, amely mézes, aszalt gyümölcsös aromák jellemzik. Ajánlott párosítás: sashimi-hoz vagy könnyű tengeri ételekhez. Alkoholtartalom: 11.2%.',14,1,1),(266,'Concha y Toro Merlot 2013',34,12.48,30684,'A Concha y Toro Merlot 2013 egy elegáns vörös bor, amely elegáns struktúra, tökéletes érlelési potenciállal. Ajánlott párosítás: olasz tésztákkal és pizzával. Alkoholtartalom: 12.48%.',14,2,1),(267,'Concha y Toro Reserve Sauvignon Blanc 2016',37,13.48,19092,'A Concha y Toro Reserve Sauvignon Blanc 2016 egy elegáns fehér bor, amely gazdag illat, ahol a fekete bogyós gyümölcsök dominálnak. Ajánlott párosítás: fehér húsokkal, csirke és pulyka mellett. Alkoholtartalom: 13.48%.',14,18,2),(269,'Concha y Toro Merlot 2014',35,14.25,29590,'A Concha y Toro Merlot 2014 egy elegáns vörös bor, amely elegáns struktúra, tökéletes érlelési potenciállal. Ajánlott párosítás: sült zöldségekkel és rizottóval. Alkoholtartalom: 14.25%.',14,2,1),(270,'Catena Zapata Reserve Torrontés 2003',24,11.85,29185,'A Catena Zapata Reserve Torrontés 2003 egy elegáns fehér bor, amely selymes tanninokkal és hosszan tartó utóízzel. Ajánlott párosítás: vörös húsokkal és barbecue-val. Alkoholtartalom: 11.85%.',15,30,2),(271,'Catena Zapata Malbec 2013',34,11.68,33549,'A Catena Zapata Malbec 2013 egy elegáns vörös bor, amely elegáns struktúra, tökéletes érlelési potenciállal. Ajánlott párosítás: gyümölcssalátával és friss süteményekkel. Alkoholtartalom: 11.68%.',15,6,1),(272,'Catena Zapata Torrontés 2022',43,13.55,34114,'A Catena Zapata Torrontés 2022 egy elegáns fehér bor, amely kerek, jól kiegyensúlyozott testtel rendelkezik. Ajánlott párosítás: fehér húsokkal, csirke és pulyka mellett. Alkoholtartalom: 13.55%.',15,30,2),(273,'Catena Zapata Malbec 2024',45,13.36,19609,'A Catena Zapata Malbec 2024 egy elegáns vörös bor, amely kerek, jól kiegyensúlyozott testtel rendelkezik. Ajánlott párosítás: fehér húsokkal, csirke és pulyka mellett. Alkoholtartalom: 13.36%.',15,6,1),(274,'Catena Zapata Torrontés 2015',36,13.70,34674,'A Catena Zapata Torrontés 2015 egy elegáns fehér bor, amely élénk savakkal és karakteres minerális tónussal. Ajánlott párosítás: vacsihoz, ünnepi asztalra ajánlott. Alkoholtartalom: 13.7%.',15,30,2),(275,'Catena Zapata Cuvée 2014',35,12.26,19044,'A Catena Zapata Cuvée 2014 egy elegáns vörös bor, amely élénk savakkal és karakteres minerális tónussal. Ajánlott párosítás: olasz tésztákkal és pizzával. Alkoholtartalom: 12.26%.',15,1,1),(276,'Catena Zapata Torrontés 2019',40,13.47,19731,'A Catena Zapata Torrontés 2019 egy elegáns fehér bor, amely élénk savakkal és karakteres minerális tónussal. Ajánlott párosítás: olasz tésztákkal és pizzával. Alkoholtartalom: 13.47%.',15,30,2),(277,'Catena Zapata Torrontés 2002',23,12.90,41143,'A Catena Zapata Torrontés 2002 egy elegáns fehér bor, amely gazdag illat, ahol a fekete bogyós gyümölcsök dominálnak. Ajánlott párosítás: érlelt sajtokkal. Alkoholtartalom: 12.9%.',15,30,1),(278,'Catena Zapata Cuvée 2008',29,15.30,10924,'A Catena Zapata Cuvée 2008 egy elegáns vörös bor, amely élénk savakkal és karakteres minerális tónussal. Ajánlott párosítás: gyümölcssalátával és friss süteményekkel. Alkoholtartalom: 15.3%.',15,6,1),(279,'Catena Zapata Torrontés 2006',27,11.95,28795,'A Catena Zapata Torrontés 2006 egy elegáns fehér bor, amely kóstolva komplex, rétegzett szájban. Ajánlott párosítás: vacsihoz, ünnepi asztalra ajánlott. Alkoholtartalom: 11.95%.',15,30,1),(280,'Catena Zapata Cabernet Sauvignon 2019',40,12.09,32784,'A Catena Zapata Cabernet Sauvignon 2019 egy elegáns vörös bor, amely selymes tanninokkal és hosszan tartó utóízzel. Ajánlott párosítás: vörös húsokkal és barbecue-val. Alkoholtartalom: 12.09%.',15,1,1),(281,'Catena Zapata Reserve Malbec 2001',22,14.23,11720,'A Catena Zapata Reserve Malbec 2001 egy elegáns vörös bor, amely aromája a friss gyümölcsök és enyhe vanília jegyeivel. Ajánlott párosítás: sashimi-hoz vagy könnyű tengeri ételekhez. Alkoholtartalom: 14.23%.',15,6,1),(282,'Catena Zapata Reserve Cabernet Sauvignon 2024',45,12.83,42596,'A Catena Zapata Reserve Cabernet Sauvignon 2024 egy elegáns vörös bor, amely mézes, aszalt gyümölcsös aromák jellemzik. Ajánlott párosítás: desszertekkel és patisszériákkal. Alkoholtartalom: 12.83%.',15,1,1),(283,'Catena Zapata Cuvée 2020',41,12.45,31898,'A Catena Zapata Cuvée 2020 egy elegáns vörös bor, amely kóstolva komplex, rétegzett szájban. Ajánlott párosítás: vacsihoz, ünnepi asztalra ajánlott. Alkoholtartalom: 12.45%.',15,6,1),(284,'Catena Zapata Cuvée 2006',27,13.53,42657,'A Catena Zapata Cuvée 2006 egy elegáns fehér bor, amely finoman fűszeres lecsengéssel. Ajánlott párosítás: sült zöldségekkel és rizottóval. Alkoholtartalom: 13.53%.',15,30,1),(285,'Niepoort Reserve Touriga Nacional 2022',43,15.20,2472,'A Niepoort Reserve Touriga Nacional 2022 egy elegáns vörös bor, amely mézes, aszalt gyümölcsös aromák jellemzik. Ajánlott párosítás: érlelt sajtokkal. Alkoholtartalom: 15.2%.',16,13,1),(286,'Niepoort Verdejo 2023',44,14.07,2120,'A Niepoort Verdejo 2023 egy elegáns fehér bor, amely kóstolva komplex, rétegzett szájban. Ajánlott párosítás: fehér húsokkal, csirke és pulyka mellett. Alkoholtartalom: 14.07%.',16,32,2),(287,'Niepoort Petit Verdot 2008',29,15.00,3745,'A Niepoort Petit Verdot 2008 egy elegáns vörös bor, amely élénk savakkal és karakteres minerális tónussal. Ajánlott párosítás: desszertekkel és patisszériákkal. Alkoholtartalom: 15.0%.',16,34,1),(288,'Niepoort Verdejo 2021',42,11.57,7966,'A Niepoort Verdejo 2021 egy elegáns fehér bor, amely finoman fűszeres lecsengéssel. Ajánlott párosítás: vörös húsokkal és barbecue-val. Alkoholtartalom: 11.57%.',16,32,2),(289,'Niepoort Verdejo 2019',40,12.99,11845,'A Niepoort Verdejo 2019 egy elegáns fehér bor, amely virágos illatjegyek és citrusos frissesség. Ajánlott párosítás: sült zöldségekkel és rizottóval. Alkoholtartalom: 12.99%.',16,32,2),(290,'Niepoort Cuvée 2015',36,12.80,3240,'A Niepoort Cuvée 2015 egy elegáns vörös bor, amely mézes, aszalt gyümölcsös aromák jellemzik. Ajánlott párosítás: fehér húsokkal, csirke és pulyka mellett. Alkoholtartalom: 12.8%.',16,11,1),(291,'Niepoort Reserve Baga 2023',44,12.17,5062,'A Niepoort Reserve Baga 2023 egy elegáns vörös bor, amely gazdag illat, ahol a fekete bogyós gyümölcsök dominálnak. Ajánlott párosítás: olasz tésztákkal és pizzával. Alkoholtartalom: 12.17%.',16,11,1),(292,'Niepoort Baga 2016',37,12.18,6674,'A Niepoort Baga 2016 egy elegáns vörös bor, amely kóstolva komplex, rétegzett szájban. Ajánlott párosítás: gyümölcssalátával és friss süteményekkel. Alkoholtartalom: 12.18%.',16,11,1),(293,'Krug Reserve Chardonnay 2009',30,13.40,42155,'A Krug Reserve Chardonnay 2009 egy elegáns fehér bor, amely élénk savakkal és karakteres minerális tónussal. Ajánlott párosítás: halételekkel és könnyű tésztákkal. Alkoholtartalom: 13.4%.',17,17,2),(294,'Krug Cuvée 2017',38,12.65,16171,'A Krug Cuvée 2017 egy elegáns vörös bor, amely mézes, aszalt gyümölcsös aromák jellemzik. Ajánlott párosítás: érlelt sajtokkal. Alkoholtartalom: 12.65%.',17,3,4),(295,'Krug Cuvée 2013',34,12.68,33972,'A Krug Cuvée 2013 egy elegáns vörös bor, amely kerek, jól kiegyensúlyozott testtel rendelkezik. Ajánlott párosítás: desszertekkel és patisszériákkal. Alkoholtartalom: 12.68%.',17,34,4),(296,'Krug Grenache 2020',41,14.40,40306,'A Krug Grenache 2020 egy elegáns vörös bor, amely mézes, aszalt gyümölcsös aromák jellemzik. Ajánlott párosítás: sashimi-hoz vagy könnyű tengeri ételekhez. Alkoholtartalom: 14.4%.',17,35,4),(297,'Krug Reserve Cabernet Sauvignon 2019',40,15.13,12152,'A Krug Reserve Cabernet Sauvignon 2019 egy elegáns vörös bor, amely kerek, jól kiegyensúlyozott testtel rendelkezik. Ajánlott párosítás: desszertekkel és patisszériákkal. Alkoholtartalom: 15.13%.',17,1,1),(298,'Krug Merlot 2016',37,11.74,39616,'A Krug Merlot 2016 egy elegáns vörös bor, amely selymes tanninokkal és hosszan tartó utóízzel. Ajánlott párosítás: vacsihoz, ünnepi asztalra ajánlott. Alkoholtartalom: 11.74%.',17,2,1),(299,'Krug Petit Verdot 2014',35,13.00,10059,'A Krug Petit Verdot 2014 egy elegáns vörös bor, amely virágos illatjegyek és citrusos frissesség. Ajánlott párosítás: gyümölcssalátával és friss süteményekkel. Alkoholtartalom: 13.0%.',17,34,1),(300,'Krug Reserve Petit Verdot 2016',37,13.08,37856,'A Krug Reserve Petit Verdot 2016 egy elegáns vörös bor, amely virágos illatjegyek és citrusos frissesség. Ajánlott párosítás: olasz tésztákkal és pizzával. Alkoholtartalom: 13.08%.',17,34,1),(301,'Krug Grenache 2021',42,11.98,10702,'A Krug Grenache 2021 egy elegáns vörös bor, amely kóstolva komplex, rétegzett szájban. Ajánlott párosítás: sashimi-hoz vagy könnyű tengeri ételekhez. Alkoholtartalom: 11.98%.',17,35,1),(302,'Krug Cabernet Sauvignon 2024',45,15.44,25467,'A Krug Cabernet Sauvignon 2024 egy elegáns vörös bor, amely finoman fűszeres lecsengéssel. Ajánlott párosítás: érlelt sajtokkal. Alkoholtartalom: 15.44%.',17,1,1),(303,'Krug Cuvée 2020',41,13.91,23553,'A Krug Cuvée 2020 egy elegáns vörös bor, amely virágos illatjegyek és citrusos frissesség. Ajánlott párosítás: gyümölcssalátával és friss süteményekkel. Alkoholtartalom: 13.91%.',17,35,4),(304,'Krug Chardonnay 2022',43,12.31,33261,'A Krug Chardonnay 2022 egy elegáns fehér bor, amely kerek, jól kiegyensúlyozott testtel rendelkezik. Ajánlott párosítás: érlelt sajtokkal. Alkoholtartalom: 12.31%.',17,17,2),(305,'Krug Pinot Noir 2018',39,11.53,44735,'A Krug Pinot Noir 2018 egy elegáns vörös bor, amely finoman fűszeres lecsengéssel. Ajánlott párosítás: desszertekkel és patisszériákkal. Alkoholtartalom: 11.53%.',17,3,1),(306,'Krug Reserve Cabernet Sauvignon 2021',42,15.40,25131,'A Krug Reserve Cabernet Sauvignon 2021 egy elegáns vörös bor, amely virágos illatjegyek és citrusos frissesség. Ajánlott párosítás: sashimi-hoz vagy könnyű tengeri ételekhez. Alkoholtartalom: 15.4%.',17,1,1),(307,'Krug Merlot 2011',32,12.11,20808,'A Krug Merlot 2011 egy elegáns vörös bor, amely kóstolva komplex, rétegzett szájban. Ajánlott párosítás: vörös húsokkal és barbecue-val. Alkoholtartalom: 12.11%.',17,2,1),(308,'Bollinger Reserve Chardonnay 2021',42,13.15,42641,'A Bollinger Reserve Chardonnay 2021 egy elegáns fehér bor, amely selymes tanninokkal és hosszan tartó utóízzel. Ajánlott párosítás: desszertekkel és patisszériákkal. Alkoholtartalom: 13.15%.',18,17,2),(309,'Bollinger Reserve Petit Verdot 1999',20,11.15,30118,'A Bollinger Reserve Petit Verdot 1999 egy elegáns vörös bor, amely aromája a friss gyümölcsök és enyhe vanília jegyeivel. Ajánlott párosítás: desszertekkel és patisszériákkal. Alkoholtartalom: 11.15%.',18,34,4),(310,'Bollinger Reserve Chardonnay 2019',40,12.54,27971,'A Bollinger Reserve Chardonnay 2019 egy elegáns fehér bor, amely aromája a friss gyümölcsök és enyhe vanília jegyeivel. Ajánlott párosítás: érlelt sajtokkal. Alkoholtartalom: 12.54%.',18,17,2),(311,'Bollinger Pinot Noir 2015',36,12.05,41907,'A Bollinger Pinot Noir 2015 egy elegáns vörös bor, amely elegáns struktúra, tökéletes érlelési potenciállal. Ajánlott párosítás: vacsihoz, ünnepi asztalra ajánlott. Alkoholtartalom: 12.05%.',18,3,4),(312,'Bollinger Cuvée 2020',41,12.07,40422,'A Bollinger Cuvée 2020 egy elegáns vörös bor, amely kerek, jól kiegyensúlyozott testtel rendelkezik. Ajánlott párosítás: desszertekkel és patisszériákkal. Alkoholtartalom: 12.07%.',18,3,4),(313,'Bollinger Reserve Pinot Noir 2012',33,11.27,43095,'A Bollinger Reserve Pinot Noir 2012 egy elegáns vörös bor, amely finoman fűszeres lecsengéssel. Ajánlott párosítás: sült zöldségekkel és rizottóval. Alkoholtartalom: 11.27%.',18,3,4),(314,'Bollinger Cabernet Sauvignon 2016',37,15.38,42839,'A Bollinger Cabernet Sauvignon 2016 egy elegáns vörös bor, amely kerek, jól kiegyensúlyozott testtel rendelkezik. Ajánlott párosítás: fehér húsokkal, csirke és pulyka mellett. Alkoholtartalom: 15.38%.',18,1,1),(315,'Bollinger Reserve Chardonnay 2018',39,11.52,21929,'A Bollinger Reserve Chardonnay 2018 egy elegáns fehér bor, amely mézes, aszalt gyümölcsös aromák jellemzik. Ajánlott párosítás: desszertekkel és patisszériákkal. Alkoholtartalom: 11.52%.',18,17,2),(316,'Bollinger Pinot Noir 2021',42,14.86,13341,'A Bollinger Pinot Noir 2021 egy elegáns vörös bor, amely aromája a friss gyümölcsök és enyhe vanília jegyeivel. Ajánlott párosítás: sashimi-hoz vagy könnyű tengeri ételekhez. Alkoholtartalom: 14.86%.',18,3,1),(317,'Bollinger Chardonnay 2012',33,12.95,12961,'A Bollinger Chardonnay 2012 egy elegáns fehér bor, amely selymes tanninokkal és hosszan tartó utóízzel. Ajánlott párosítás: fehér húsokkal, csirke és pulyka mellett. Alkoholtartalom: 12.95%.',18,17,4),(318,'Bollinger Reserve Chardonnay 2017',38,13.96,11421,'A Bollinger Reserve Chardonnay 2017 egy elegáns fehér bor, amely selymes tanninokkal és hosszan tartó utóízzel. Ajánlott párosítás: vörös húsokkal és barbecue-val. Alkoholtartalom: 13.96%.',18,17,2),(319,'Bollinger Grenache 2008',29,13.72,9463,'A Bollinger Grenache 2008 egy elegáns vörös bor, amely elegáns struktúra, tökéletes érlelési potenciállal. Ajánlott párosítás: sashimi-hoz vagy könnyű tengeri ételekhez. Alkoholtartalom: 13.72%.',18,35,4),(320,'Bollinger Cuvée 2006',27,14.91,20320,'A Bollinger Cuvée 2006 egy elegáns vörös bor, amely aromája a friss gyümölcsök és enyhe vanília jegyeivel. Ajánlott párosítás: desszertekkel és patisszériákkal. Alkoholtartalom: 14.91%.',18,2,4),(321,'Bollinger Grenache 2023',44,11.53,44984,'A Bollinger Grenache 2023 egy elegáns vörös bor, amely selymes tanninokkal és hosszan tartó utóízzel. Ajánlott párosítás: vacsihoz, ünnepi asztalra ajánlott. Alkoholtartalom: 11.53%.',18,35,1),(323,'Louis Roederer Reserve Pinot Noir 2015',36,12.39,21307,'A Louis Roederer Reserve Pinot Noir 2015 egy elegáns vörös bor, amely mézes, aszalt gyümölcsös aromák jellemzik. Ajánlott párosítás: halételekkel és könnyű tésztákkal. Alkoholtartalom: 12.39%.',19,3,1),(324,'Louis Roederer Cuvée 2021',42,13.11,39070,'A Louis Roederer Cuvée 2021 egy elegáns vörös bor, amely gazdag illat, ahol a fekete bogyós gyümölcsök dominálnak. Ajánlott párosítás: fehér húsokkal, csirke és pulyka mellett. Alkoholtartalom: 13.11%.',19,35,4),(325,'Louis Roederer Petit Verdot 2012',33,14.89,35426,'A Louis Roederer Petit Verdot 2012 egy elegáns vörös bor, amely kerek, jól kiegyensúlyozott testtel rendelkezik. Ajánlott párosítás: vacsihoz, ünnepi asztalra ajánlott. Alkoholtartalom: 14.89%.',19,34,4),(326,'Louis Roederer Chardonnay 2016',37,12.03,15259,'A Louis Roederer Chardonnay 2016 egy elegáns fehér bor, amely elegáns struktúra, tökéletes érlelési potenciállal. Ajánlott párosítás: desszertekkel és patisszériákkal. Alkoholtartalom: 12.03%.',19,17,2),(327,'Louis Roederer Reserve Grenache 2014',35,15.25,20490,'A Louis Roederer Reserve Grenache 2014 egy elegáns vörös bor, amely mézes, aszalt gyümölcsös aromák jellemzik. Ajánlott párosítás: gyümölcssalátával és friss süteményekkel. Alkoholtartalom: 15.25%.',19,35,1),(328,'Louis Roederer Reserve Grenache 2013',34,14.58,14263,'A Louis Roederer Reserve Grenache 2013 egy elegáns vörös bor, amely mézes, aszalt gyümölcsös aromák jellemzik. Ajánlott párosítás: érlelt sajtokkal. Alkoholtartalom: 14.58%.',19,35,1),(329,'Louis Roederer Petit Verdot 2023',44,15.46,43418,'A Louis Roederer Petit Verdot 2023 egy elegáns vörös bor, amely kóstolva komplex, rétegzett szájban. Ajánlott párosítás: vörös húsokkal és barbecue-val. Alkoholtartalom: 15.46%.',19,34,1),(330,'Louis Roederer Chardonnay 2020',41,11.48,31336,'A Louis Roederer Chardonnay 2020 egy elegáns fehér bor, amely finoman fűszeres lecsengéssel. Ajánlott párosítás: vörös húsokkal és barbecue-val. Alkoholtartalom: 11.48%.',19,17,2),(331,'Louis Roederer Chardonnay 2006',27,12.31,30860,'A Louis Roederer Chardonnay 2006 egy elegáns fehér bor, amely elegáns struktúra, tökéletes érlelési potenciállal. Ajánlott párosítás: gyümölcssalátával és friss süteményekkel. Alkoholtartalom: 12.31%.',19,17,2),(332,'Louis Roederer Cabernet Sauvignon 2018',39,11.03,28411,'A Louis Roederer Cabernet Sauvignon 2018 egy elegáns vörös bor, amely kerek, jól kiegyensúlyozott testtel rendelkezik. Ajánlott párosítás: olasz tésztákkal és pizzával. Alkoholtartalom: 11.03%.',19,1,1),(333,'Louis Roederer Pinot Noir 2015',36,11.08,38087,'A Louis Roederer Pinot Noir 2015 egy elegáns vörös bor, amely finoman fűszeres lecsengéssel. Ajánlott párosítás: halételekkel és könnyű tésztákkal. Alkoholtartalom: 11.08%.',19,3,1),(335,'Louis Roederer Cabernet Sauvignon 2020',41,12.68,23023,'A Louis Roederer Cabernet Sauvignon 2020 egy elegáns vörös bor, amely selymes tanninokkal és hosszan tartó utóízzel. Ajánlott párosítás: olasz tésztákkal és pizzával. Alkoholtartalom: 12.68%.',19,1,1),(336,'Louis Roederer Reserve Cabernet Sauvignon 2018',39,13.94,39754,'A Louis Roederer Reserve Cabernet Sauvignon 2018 egy elegáns vörös bor, amely kóstolva komplex, rétegzett szájban. Ajánlott párosítás: sült zöldségekkel és rizottóval. Alkoholtartalom: 13.94%.',19,1,1),(337,'Louis Roederer Reserve Petit Verdot 2011',32,13.14,31560,'A Louis Roederer Reserve Petit Verdot 2011 egy elegáns vörös bor, amely kóstolva komplex, rétegzett szájban. Ajánlott párosítás: gyümölcssalátával és friss süteményekkel. Alkoholtartalom: 13.14%.',19,34,1),(338,'Quinta do Noval Verdejo 2021',42,12.98,13153,'A Quinta do Noval Verdejo 2021 egy elegáns fehér bor, amely kerek, jól kiegyensúlyozott testtel rendelkezik. Ajánlott párosítás: vörös húsokkal és barbecue-val. Alkoholtartalom: 12.98%.',20,32,2),(339,'Quinta do Noval Petit Verdot 2006',27,12.22,14014,'A Quinta do Noval Petit Verdot 2006 egy elegáns vörös bor, amely élénk savakkal és karakteres minerális tónussal. Ajánlott párosítás: sashimi-hoz vagy könnyű tengeri ételekhez. Alkoholtartalom: 12.22%.',20,34,1),(340,'Quinta do Noval Baga 2016',37,11.81,13056,'A Quinta do Noval Baga 2016 egy elegáns vörös bor, amely selymes tanninokkal és hosszan tartó utóízzel. Ajánlott párosítás: vacsihoz, ünnepi asztalra ajánlott. Alkoholtartalom: 11.81%.',20,11,1),(341,'Quinta do Noval Petit Verdot 2003',24,15.18,5891,'A Quinta do Noval Petit Verdot 2003 egy elegáns vörös bor, amely elegáns struktúra, tökéletes érlelési potenciállal. Ajánlott párosítás: sült zöldségekkel és rizottóval. Alkoholtartalom: 15.18%.',20,34,1),(342,'Quinta do Noval Reserve Verdejo 2018',39,12.34,11617,'A Quinta do Noval Reserve Verdejo 2018 egy elegáns fehér bor, amely kóstolva komplex, rétegzett szájban. Ajánlott párosítás: sashimi-hoz vagy könnyű tengeri ételekhez. Alkoholtartalom: 12.34%.',20,32,2),(343,'Quinta do Noval Reserve Verdejo 2019',40,11.19,7682,'A Quinta do Noval Reserve Verdejo 2019 egy elegáns fehér bor, amely gazdag illat, ahol a fekete bogyós gyümölcsök dominálnak. Ajánlott párosítás: vacsihoz, ünnepi asztalra ajánlott. Alkoholtartalom: 11.19%.',20,32,2),(344,'Quinta do Noval Petit Verdot 2020',41,15.36,6243,'A Quinta do Noval Petit Verdot 2020 egy elegáns vörös bor, amely mézes, aszalt gyümölcsös aromák jellemzik. Ajánlott párosítás: gyümölcssalátával és friss süteményekkel. Alkoholtartalom: 15.36%.',20,34,1),(346,'Henschke Syrah 2008',29,14.21,3066,'A Henschke Syrah 2008 egy elegáns vörös bor, amely finoman fűszeres lecsengéssel. Ajánlott párosítás: sült zöldségekkel és rizottóval. Alkoholtartalom: 14.21%.',21,4,1),(347,'Henschke Cabernet Sauvignon 2009',30,11.41,14258,'A Henschke Cabernet Sauvignon 2009 egy elegáns vörös bor, amely élénk savakkal és karakteres minerális tónussal. Ajánlott párosítás: halételekkel és könnyű tésztákkal. Alkoholtartalom: 11.41%.',21,1,1),(348,'Henschke Syrah 2002',23,12.94,9241,'A Henschke Syrah 2002 egy elegáns vörös bor, amely kóstolva komplex, rétegzett szájban. Ajánlott párosítás: vörös húsokkal és barbecue-val. Alkoholtartalom: 12.94%.',21,4,1),(349,'Henschke Grenache 2000',21,11.42,9775,'A Henschke Grenache 2000 egy elegáns vörös bor, amely virágos illatjegyek és citrusos frissesség. Ajánlott párosítás: vörös húsokkal és barbecue-val. Alkoholtartalom: 11.42%.',21,35,1),(350,'Henschke Chardonnay 2008',29,13.73,11423,'A Henschke Chardonnay 2008 egy elegáns fehér bor, amely selymes tanninokkal és hosszan tartó utóízzel. Ajánlott párosítás: vacsihoz, ünnepi asztalra ajánlott. Alkoholtartalom: 13.73%.',21,17,2),(351,'Henschke Chardonnay 2015',36,11.59,5496,'A Henschke Chardonnay 2015 egy elegáns fehér bor, amely finoman fűszeres lecsengéssel. Ajánlott párosítás: halételekkel és könnyű tésztákkal. Alkoholtartalom: 11.59%.',21,17,2),(352,'Henschke Zinfandel 2005',26,12.89,8295,'A Henschke Zinfandel 2005 egy elegáns vörös bor, amely élénk savakkal és karakteres minerális tónussal. Ajánlott párosítás: desszertekkel és patisszériákkal. Alkoholtartalom: 12.89%.',21,9,1),(353,'Henschke Chardonnay 2019',40,13.08,4542,'A Henschke Chardonnay 2019 egy elegáns fehér bor, amely élénk savakkal és karakteres minerális tónussal. Ajánlott párosítás: vörös húsokkal és barbecue-val. Alkoholtartalom: 13.08%.',21,17,2),(354,'Vasse Felix Reserve Zinfandel 2023',44,14.79,6939,'A Vasse Felix Reserve Zinfandel 2023 egy elegáns vörös bor, amely mézes, aszalt gyümölcsös aromák jellemzik. Ajánlott párosítás: fehér húsokkal, csirke és pulyka mellett. Alkoholtartalom: 14.79%.',22,9,1),(355,'Vasse Felix Cuvée 2012',33,11.61,6169,'A Vasse Felix Cuvée 2012 egy elegáns vörös bor, amely selymes tanninokkal és hosszan tartó utóízzel. Ajánlott párosítás: gyümölcssalátával és friss süteményekkel. Alkoholtartalom: 11.61%.',22,35,1),(356,'Vasse Felix Chardonnay 2009',30,14.39,5789,'A Vasse Felix Chardonnay 2009 egy elegáns fehér bor, amely mézes, aszalt gyümölcsös aromák jellemzik. Ajánlott párosítás: vacsihoz, ünnepi asztalra ajánlott. Alkoholtartalom: 14.39%.',22,17,2),(357,'Vasse Felix Zinfandel 2020',41,12.69,12614,'A Vasse Felix Zinfandel 2020 egy elegáns vörös bor, amely kóstolva komplex, rétegzett szájban. Ajánlott párosítás: vacsihoz, ünnepi asztalra ajánlott. Alkoholtartalom: 12.69%.',22,9,1),(358,'Vasse Felix Grenache 2005',26,11.81,11979,'A Vasse Felix Grenache 2005 egy elegáns vörös bor, amely mézes, aszalt gyümölcsös aromák jellemzik. Ajánlott párosítás: desszertekkel és patisszériákkal. Alkoholtartalom: 11.81%.',22,35,1),(359,'Vasse Felix Reserve Zinfandel 2013',34,14.74,2899,'A Vasse Felix Reserve Zinfandel 2013 egy elegáns vörös bor, amely virágos illatjegyek és citrusos frissesség. Ajánlott párosítás: gyümölcssalátával és friss süteményekkel. Alkoholtartalom: 14.74%.',22,9,1),(360,'Vasse Felix Reserve Zinfandel 2003',24,12.09,10563,'A Vasse Felix Reserve Zinfandel 2003 egy elegáns vörös bor, amely virágos illatjegyek és citrusos frissesség. Ajánlott párosítás: halételekkel és könnyű tésztákkal. Alkoholtartalom: 12.09%.',22,9,1),(361,'Vasse Felix Grenache 2013',34,13.16,7210,'A Vasse Felix Grenache 2013 egy elegáns vörös bor, amely virágos illatjegyek és citrusos frissesség. Ajánlott párosítás: sashimi-hoz vagy könnyű tengeri ételekhez. Alkoholtartalom: 13.16%.',22,35,1),(362,'Chateau Montelena Pinot Noir 1997',18,14.16,12560,'A Chateau Montelena Pinot Noir 1997 egy elegáns vörös bor, amely kóstolva komplex, rétegzett szájban. Ajánlott párosítás: halételekkel és könnyű tésztákkal. Alkoholtartalom: 14.16%.',23,3,1),(363,'Chateau Montelena Pinot Noir 2020',41,11.75,9965,'A Chateau Montelena Pinot Noir 2020 egy elegáns vörös bor, amely virágos illatjegyek és citrusos frissesség. Ajánlott párosítás: fehér húsokkal, csirke és pulyka mellett. Alkoholtartalom: 11.75%.',23,3,1),(364,'Chateau Montelena Zinfandel 2024',45,11.48,3282,'A Chateau Montelena Zinfandel 2024 egy elegáns vörös bor, amely kerek, jól kiegyensúlyozott testtel rendelkezik. Ajánlott párosítás: sashimi-hoz vagy könnyű tengeri ételekhez. Alkoholtartalom: 11.48%.',23,9,1),(365,'Chateau Montelena Chardonnay 2016',37,11.77,6864,'A Chateau Montelena Chardonnay 2016 egy elegáns fehér bor, amely elegáns struktúra, tökéletes érlelési potenciállal. Ajánlott párosítás: sashimi-hoz vagy könnyű tengeri ételekhez. Alkoholtartalom: 11.77%.',23,17,2),(366,'Chateau Montelena Cuvée 2004',25,13.17,5841,'A Chateau Montelena Cuvée 2004 egy elegáns vörös bor, amely kóstolva komplex, rétegzett szájban. Ajánlott párosítás: halételekkel és könnyű tésztákkal. Alkoholtartalom: 13.17%.',23,1,1),(367,'Chateau Montelena Reserve Merlot 2021',42,12.57,6460,'A Chateau Montelena Reserve Merlot 2021 egy elegáns vörös bor, amely kerek, jól kiegyensúlyozott testtel rendelkezik. Ajánlott párosítás: gyümölcssalátával és friss süteményekkel. Alkoholtartalom: 12.57%.',23,2,1),(368,'Chateau Montelena Cabernet Sauvignon 2010',31,12.97,11058,'A Chateau Montelena Cabernet Sauvignon 2010 egy elegáns vörös bor, amely élénk savakkal és karakteres minerális tónussal. Ajánlott párosítás: vörös húsokkal és barbecue-val. Alkoholtartalom: 12.97%.',23,1,1),(369,'Chateau Montelena Cabernet Sauvignon 2021',42,11.10,6460,'A Chateau Montelena Cabernet Sauvignon 2021 egy elegáns vörös bor, amely finoman fűszeres lecsengéssel. Ajánlott párosítás: desszertekkel és patisszériákkal. Alkoholtartalom: 11.1%.',23,1,1),(370,'Ridge Vineyards Cuvée 2015',36,11.56,9278,'A Ridge Vineyards Cuvée 2015 egy elegáns fehér bor, amely selymes tanninokkal és hosszan tartó utóízzel. Ajánlott párosítás: sült zöldségekkel és rizottóval. Alkoholtartalom: 11.56%.',24,17,2),(371,'Ridge Vineyards Merlot 2017',38,13.88,7618,'A Ridge Vineyards Merlot 2017 egy elegáns vörös bor, amely elegáns struktúra, tökéletes érlelési potenciállal. Ajánlott párosítás: desszertekkel és patisszériákkal. Alkoholtartalom: 13.88%.',24,2,1),(372,'Ridge Vineyards Zinfandel 2013',34,12.75,11162,'A Ridge Vineyards Zinfandel 2013 egy elegáns vörös bor, amely kóstolva komplex, rétegzett szájban. Ajánlott párosítás: vacsihoz, ünnepi asztalra ajánlott. Alkoholtartalom: 12.75%.',24,9,1),(373,'Ridge Vineyards Chardonnay 2001',22,11.65,6238,'A Ridge Vineyards Chardonnay 2001 egy elegáns fehér bor, amely élénk savakkal és karakteres minerális tónussal. Ajánlott párosítás: gyümölcssalátával és friss süteményekkel. Alkoholtartalom: 11.65%.',24,17,2),(374,'Ridge Vineyards Pinot Noir 2015',36,13.69,9947,'A Ridge Vineyards Pinot Noir 2015 egy elegáns vörös bor, amely gazdag illat, ahol a fekete bogyós gyümölcsök dominálnak. Ajánlott párosítás: fehér húsokkal, csirke és pulyka mellett. Alkoholtartalom: 13.69%.',24,3,1),(375,'Ridge Vineyards Reserve Chardonnay 2021',42,11.60,10757,'A Ridge Vineyards Reserve Chardonnay 2021 egy elegáns fehér bor, amely elegáns struktúra, tökéletes érlelési potenciállal. Ajánlott párosítás: vacsihoz, ünnepi asztalra ajánlott. Alkoholtartalom: 11.6%.',24,17,2),(376,'Ridge Vineyards Merlot 2000',21,12.41,5101,'A Ridge Vineyards Merlot 2000 egy elegáns vörös bor, amely gazdag illat, ahol a fekete bogyós gyümölcsök dominálnak. Ajánlott párosítás: érlelt sajtokkal. Alkoholtartalom: 12.41%.',24,2,1),(377,'Ridge Vineyards Zinfandel 2015',36,13.68,9472,'A Ridge Vineyards Zinfandel 2015 egy elegáns vörös bor, amely mézes, aszalt gyümölcsös aromák jellemzik. Ajánlott párosítás: sashimi-hoz vagy könnyű tengeri ételekhez. Alkoholtartalom: 13.68%.',24,9,1),(378,'Szepsy Furmint 2018',39,12.94,26117,'A Szepsy Furmint 2018 egy elegáns fehér bor, amely gazdag illat, ahol a fekete bogyós gyümölcsök dominálnak. Ajánlott párosítás: gyümölcssalátával és friss süteményekkel. Alkoholtartalom: 12.94%.',25,23,2),(379,'Szepsy Hárslevelű 2017',38,14.33,25931,'A Szepsy Hárslevelű 2017 egy elegáns fehér bor, amely virágos illatjegyek és citrusos frissesség. Ajánlott párosítás: sashimi-hoz vagy könnyű tengeri ételekhez. Alkoholtartalom: 14.33%.',25,24,2),(380,'Szepsy Reserve Olaszrizling 2015',36,12.43,26194,'A Szepsy Reserve Olaszrizling 2015 egy elegáns fehér bor, amely mézes, aszalt gyümölcsös aromák jellemzik. Ajánlott párosítás: gyümölcssalátával és friss süteményekkel. Alkoholtartalom: 12.43%.',25,25,2),(381,'Szepsy Pinot Grigio 2005',26,11.11,36159,'A Szepsy Pinot Grigio 2005 egy elegáns fehér bor, amely élénk savakkal és karakteres minerális tónussal. Ajánlott párosítás: desszertekkel és patisszériákkal. Alkoholtartalom: 11.11%.',25,26,2),(382,'Szepsy Reserve Furmint 2015',36,13.73,28929,'A Szepsy Reserve Furmint 2015 egy elegáns fehér bor, amely mézes, aszalt gyümölcsös aromák jellemzik. Ajánlott párosítás: sashimi-hoz vagy könnyű tengeri ételekhez. Alkoholtartalom: 13.73%.',25,23,2),(383,'Szepsy Reserve Pinot Grigio 2015',36,11.40,36679,'A Szepsy Reserve Pinot Grigio 2015 egy elegáns fehér bor, amely gazdag illat, ahol a fekete bogyós gyümölcsök dominálnak. Ajánlott párosítás: sashimi-hoz vagy könnyű tengeri ételekhez. Alkoholtartalom: 11.4%.',25,26,2),(384,'Szepsy Chardonnay 2021',42,13.66,24331,'A Szepsy Chardonnay 2021 egy elegáns fehér bor, amely virágos illatjegyek és citrusos frissesség. Ajánlott párosítás: halételekkel és könnyű tésztákkal. Alkoholtartalom: 13.66%.',25,17,2),(385,'Szepsy Furmint 2019',40,12.04,44975,'A Szepsy Furmint 2019 egy elegáns fehér bor, amely gazdag illat, ahol a fekete bogyós gyümölcsök dominálnak. Ajánlott párosítás: halételekkel és könnyű tésztákkal. Alkoholtartalom: 12.04%.',25,23,2),(386,'Szepsy Reserve Chardonnay 2013',34,13.71,16767,'A Szepsy Reserve Chardonnay 2013 egy elegáns fehér bor, amely elegáns struktúra, tökéletes érlelési potenciállal. Ajánlott párosítás: fehér húsokkal, csirke és pulyka mellett. Alkoholtartalom: 13.71%.',25,17,2),(387,'Szepsy Pinot Grigio 2022',43,13.21,14141,'A Szepsy Pinot Grigio 2022 egy elegáns fehér bor, amely selymes tanninokkal és hosszan tartó utóízzel. Ajánlott párosítás: desszertekkel és patisszériákkal. Alkoholtartalom: 13.21%.',25,26,2),(388,'Szepsy Pinot Grigio 2021',42,12.23,18400,'A Szepsy Pinot Grigio 2021 egy elegáns fehér bor, amely gazdag illat, ahol a fekete bogyós gyümölcsök dominálnak. Ajánlott párosítás: olasz tésztákkal és pizzával. Alkoholtartalom: 12.23%.',25,26,2),(389,'Szepsy Cuvée 2008',29,14.33,27033,'A Szepsy Cuvée 2008 egy elegáns fehér bor, amely kóstolva komplex, rétegzett szájban. Ajánlott párosítás: érlelt sajtokkal. Alkoholtartalom: 14.33%.',25,24,2),(390,'Szepsy Reserve Olaszrizling 2024',45,14.22,44722,'A Szepsy Reserve Olaszrizling 2024 egy elegáns fehér bor, amely finoman fűszeres lecsengéssel. Ajánlott párosítás: érlelt sajtokkal. Alkoholtartalom: 14.22%.',25,25,2),(391,'Szepsy Hárslevelű 2007',28,13.90,36175,'A Szepsy Hárslevelű 2007 egy elegáns fehér bor, amely mézes, aszalt gyümölcsös aromák jellemzik. Ajánlott párosítás: érlelt sajtokkal. Alkoholtartalom: 13.9%.',25,24,2),(392,'Szepsy Hárslevelű 2016',37,13.20,21881,'A Szepsy Hárslevelű 2016 egy elegáns fehér bor, amely kóstolva komplex, rétegzett szájban. Ajánlott párosítás: sült zöldségekkel és rizottóval. Alkoholtartalom: 13.2%.',25,24,2),(393,'Gere Hárslevelű 2015',36,13.43,40461,'A Gere Hárslevelű 2015 egy elegáns fehér bor, amely mézes, aszalt gyümölcsös aromák jellemzik. Ajánlott párosítás: fehér húsokkal, csirke és pulyka mellett. Alkoholtartalom: 13.43%.',26,24,2),(394,'Gere Chardonnay 2016',37,13.56,24963,'A Gere Chardonnay 2016 egy elegáns fehér bor, amely gazdag illat, ahol a fekete bogyós gyümölcsök dominálnak. Ajánlott párosítás: halételekkel és könnyű tésztákkal. Alkoholtartalom: 13.56%.',26,17,2),(395,'Gere Olaszrizling 2020',41,11.76,23897,'A Gere Olaszrizling 2020 egy elegáns fehér bor, amely élénk savakkal és karakteres minerális tónussal. Ajánlott párosítás: fehér húsokkal, csirke és pulyka mellett. Alkoholtartalom: 11.76%.',26,25,2),(396,'Gere Reserve Hárslevelű 2021',42,12.92,12832,'A Gere Reserve Hárslevelű 2021 egy elegáns fehér bor, amely gazdag illat, ahol a fekete bogyós gyümölcsök dominálnak. Ajánlott párosítás: vörös húsokkal és barbecue-val. Alkoholtartalom: 12.92%.',26,24,2),(397,'Gere Olaszrizling 1997',18,11.06,42389,'A Gere Olaszrizling 1997 egy elegáns fehér bor, amely mézes, aszalt gyümölcsös aromák jellemzik. Ajánlott párosítás: vörös húsokkal és barbecue-val. Alkoholtartalom: 11.06%.',26,25,2),(398,'Gere Olaszrizling 2024',45,11.71,33478,'A Gere Olaszrizling 2024 egy elegáns fehér bor, amely élénk savakkal és karakteres minerális tónussal. Ajánlott párosítás: érlelt sajtokkal. Alkoholtartalom: 11.71%.',26,25,2),(399,'Gere Hárslevelű 2022',43,11.33,21336,'A Gere Hárslevelű 2022 egy elegáns fehér bor, amely finoman fűszeres lecsengéssel. Ajánlott párosítás: vörös húsokkal és barbecue-val. Alkoholtartalom: 11.33%.',26,24,2),(400,'Gere Hárslevelű 2011',32,13.54,35944,'A Gere Hárslevelű 2011 egy elegáns fehér bor, amely kóstolva komplex, rétegzett szájban. Ajánlott párosítás: halételekkel és könnyű tésztákkal. Alkoholtartalom: 13.54%.',26,24,2),(401,'Gere Olaszrizling 1995',16,11.27,29966,'A Gere Olaszrizling 1995 egy elegáns fehér bor, amely mézes, aszalt gyümölcsös aromák jellemzik. Ajánlott párosítás: vörös húsokkal és barbecue-val. Alkoholtartalom: 11.27%.',26,25,2),(402,'Gere Hárslevelű 1995',16,13.86,44562,'A Gere Hárslevelű 1995 egy elegáns fehér bor, amely finoman fűszeres lecsengéssel. Ajánlott párosítás: gyümölcssalátával és friss süteményekkel. Alkoholtartalom: 13.86%.',26,24,2),(403,'Gere Olaszrizling 1999',20,11.31,37820,'A Gere Olaszrizling 1999 egy elegáns fehér bor, amely gazdag illat, ahol a fekete bogyós gyümölcsök dominálnak. Ajánlott párosítás: olasz tésztákkal és pizzával. Alkoholtartalom: 11.31%.',26,25,2),(404,'Gere Furmint 2003',24,13.25,33054,'A Gere Furmint 2003 egy elegáns fehér bor, amely elegáns struktúra, tökéletes érlelési potenciállal. Ajánlott párosítás: vörös húsokkal és barbecue-val. Alkoholtartalom: 13.25%.',26,23,2),(405,'Gere Furmint 2017',38,12.54,34730,'A Gere Furmint 2017 egy elegáns fehér bor, amely finoman fűszeres lecsengéssel. Ajánlott párosítás: sült zöldségekkel és rizottóval. Alkoholtartalom: 12.54%.',26,23,2),(406,'Gere Olaszrizling 2017',38,14.01,11207,'A Gere Olaszrizling 2017 egy elegáns fehér bor, amely kóstolva komplex, rétegzett szájban. Ajánlott párosítás: vacsihoz, ünnepi asztalra ajánlott. Alkoholtartalom: 14.01%.',26,25,2),(407,'Gere Hárslevelű 2019',40,14.37,19637,'A Gere Hárslevelű 2019 egy elegáns fehér bor, amely élénk savakkal és karakteres minerális tónussal. Ajánlott párosítás: halételekkel és könnyű tésztákkal. Alkoholtartalom: 14.37%.',26,24,2),(408,'Bock Reserve Pinot Grigio 2007',28,13.10,9899,'A Bock Reserve Pinot Grigio 2007 egy elegáns fehér bor, amely aromája a friss gyümölcsök és enyhe vanília jegyeivel. Ajánlott párosítás: olasz tésztákkal és pizzával. Alkoholtartalom: 13.1%.',27,26,2),(409,'Bock Pinot Grigio 2006',27,12.78,11722,'A Bock Pinot Grigio 2006 egy elegáns fehér bor, amely aromája a friss gyümölcsök és enyhe vanília jegyeivel. Ajánlott párosítás: desszertekkel és patisszériákkal. Alkoholtartalom: 12.78%.',27,26,2),(410,'Bock Chardonnay 2014',35,11.84,10295,'A Bock Chardonnay 2014 egy elegáns fehér bor, amely aromája a friss gyümölcsök és enyhe vanília jegyeivel. Ajánlott párosítás: fehér húsokkal, csirke és pulyka mellett. Alkoholtartalom: 11.84%.',27,17,2),(411,'Bock Furmint 2023',44,12.35,12907,'A Bock Furmint 2023 egy elegáns fehér bor, amely kerek, jól kiegyensúlyozott testtel rendelkezik. Ajánlott párosítás: érlelt sajtokkal. Alkoholtartalom: 12.35%.',27,23,2),(412,'Bock Chardonnay 2020',41,11.06,2878,'A Bock Chardonnay 2020 egy elegáns fehér bor, amely aromája a friss gyümölcsök és enyhe vanília jegyeivel. Ajánlott párosítás: vörös húsokkal és barbecue-val. Alkoholtartalom: 11.06%.',27,17,2),(413,'Bock Olaszrizling 2023',44,12.77,10171,'A Bock Olaszrizling 2023 egy elegáns fehér bor, amely virágos illatjegyek és citrusos frissesség. Ajánlott párosítás: sült zöldségekkel és rizottóval. Alkoholtartalom: 12.77%.',27,25,2),(414,'Bock Chardonnay 2019',40,13.24,8990,'A Bock Chardonnay 2019 egy elegáns fehér bor, amely kóstolva komplex, rétegzett szájban. Ajánlott párosítás: olasz tésztákkal és pizzával. Alkoholtartalom: 13.24%.',27,17,2),(415,'Bock Furmint 1999',20,14.41,4020,'A Bock Furmint 1999 egy elegáns fehér bor, amely elegáns struktúra, tökéletes érlelési potenciállal. Ajánlott párosítás: halételekkel és könnyű tésztákkal. Alkoholtartalom: 14.41%.',27,23,2),(416,'Disznókő Olaszrizling 2009',30,13.55,13004,'A Disznókő Olaszrizling 2009 egy elegáns fehér bor, amely kóstolva komplex, rétegzett szájban. Ajánlott párosítás: sült zöldségekkel és rizottóval. Alkoholtartalom: 13.55%.',28,25,2),(417,'Disznókő Reserve Pinot Grigio 2001',22,13.13,6021,'A Disznókő Reserve Pinot Grigio 2001 egy elegáns fehér bor, amely finoman fűszeres lecsengéssel. Ajánlott párosítás: halételekkel és könnyű tésztákkal. Alkoholtartalom: 13.13%.',28,26,2),(418,'Disznókő Cuvée 1995',16,13.46,4130,'A Disznókő Cuvée 1995 egy elegáns fehér bor, amely kerek, jól kiegyensúlyozott testtel rendelkezik. Ajánlott párosítás: sashimi-hoz vagy könnyű tengeri ételekhez. Alkoholtartalom: 13.46%.',28,23,2),(419,'Disznókő Reserve Hárslevelű 2020',41,11.58,3650,'A Disznókő Reserve Hárslevelű 2020 egy elegáns fehér bor, amely élénk savakkal és karakteres minerális tónussal. Ajánlott párosítás: halételekkel és könnyű tésztákkal. Alkoholtartalom: 11.58%.',28,24,2),(420,'Disznókő Chardonnay 2020',41,12.17,7581,'A Disznókő Chardonnay 2020 egy elegáns fehér bor, amely élénk savakkal és karakteres minerális tónussal. Ajánlott párosítás: vacsihoz, ünnepi asztalra ajánlott. Alkoholtartalom: 12.17%.',28,17,2),(421,'Disznókő Olaszrizling 2017',38,12.59,6682,'A Disznókő Olaszrizling 2017 egy elegáns fehér bor, amely elegáns struktúra, tökéletes érlelési potenciállal. Ajánlott párosítás: érlelt sajtokkal. Alkoholtartalom: 12.59%.',28,25,2),(422,'Disznókő Hárslevelű 2011',32,13.71,13625,'A Disznókő Hárslevelű 2011 egy elegáns fehér bor, amely kóstolva komplex, rétegzett szájban. Ajánlott párosítás: desszertekkel és patisszériákkal. Alkoholtartalom: 13.71%.',28,24,2),(423,'Disznókő Chardonnay 2019',40,11.15,13218,'A Disznókő Chardonnay 2019 egy elegáns fehér bor, amely mézes, aszalt gyümölcsös aromák jellemzik. Ajánlott párosítás: fehér húsokkal, csirke és pulyka mellett. Alkoholtartalom: 11.15%.',28,17,2),(424,'Royal Tokaji Furmint 2011',32,11.63,43533,'A Royal Tokaji Furmint 2011 egy elegáns fehér bor, amely virágos illatjegyek és citrusos frissesség. Ajánlott párosítás: desszertekkel és patisszériákkal. Alkoholtartalom: 11.63%.',29,23,2),(425,'Royal Tokaji Reserve Olaszrizling 2009',30,14.21,19838,'A Royal Tokaji Reserve Olaszrizling 2009 egy elegáns fehér bor, amely elegáns struktúra, tökéletes érlelési potenciállal. Ajánlott párosítás: fehér húsokkal, csirke és pulyka mellett. Alkoholtartalom: 14.21%.',29,25,2),(426,'Royal Tokaji Cuvée 2002',23,11.63,37761,'A Royal Tokaji Cuvée 2002 egy elegáns fehér bor, amely virágos illatjegyek és citrusos frissesség. Ajánlott párosítás: halételekkel és könnyű tésztákkal. Alkoholtartalom: 11.63%.',29,17,2),(427,'Royal Tokaji Hárslevelű 2022',43,13.71,19496,'A Royal Tokaji Hárslevelű 2022 egy elegáns fehér bor, amely mézes, aszalt gyümölcsös aromák jellemzik. Ajánlott párosítás: vörös húsokkal és barbecue-val. Alkoholtartalom: 13.71%.',29,24,2),(428,'Royal Tokaji Hárslevelű 2011',32,12.97,19245,'A Royal Tokaji Hárslevelű 2011 egy elegáns fehér bor, amely mézes, aszalt gyümölcsös aromák jellemzik. Ajánlott párosítás: fehér húsokkal, csirke és pulyka mellett. Alkoholtartalom: 12.97%.',29,24,2),(429,'Royal Tokaji Reserve Olaszrizling 2016',37,14.49,36708,'A Royal Tokaji Reserve Olaszrizling 2016 egy elegáns fehér bor, amely kerek, jól kiegyensúlyozott testtel rendelkezik. Ajánlott párosítás: desszertekkel és patisszériákkal. Alkoholtartalom: 14.49%.',29,25,2),(430,'Royal Tokaji Olaszrizling 2004',25,11.08,28037,'A Royal Tokaji Olaszrizling 2004 egy elegáns fehér bor, amely aromája a friss gyümölcsök és enyhe vanília jegyeivel. Ajánlott párosítás: fehér húsokkal, csirke és pulyka mellett. Alkoholtartalom: 11.08%.',29,25,2),(431,'Royal Tokaji Olaszrizling 1995',16,13.97,34907,'A Royal Tokaji Olaszrizling 1995 egy elegáns fehér bor, amely kerek, jól kiegyensúlyozott testtel rendelkezik. Ajánlott párosítás: desszertekkel és patisszériákkal. Alkoholtartalom: 13.97%.',29,25,2),(432,'Royal Tokaji Chardonnay 2012',33,14.40,13268,'A Royal Tokaji Chardonnay 2012 egy elegáns fehér bor, amely aromája a friss gyümölcsök és enyhe vanília jegyeivel. Ajánlott párosítás: desszertekkel és patisszériákkal. Alkoholtartalom: 14.4%.',29,17,2),(433,'Royal Tokaji Pinot Grigio 2022',43,12.45,41136,'A Royal Tokaji Pinot Grigio 2022 egy elegáns fehér bor, amely kóstolva komplex, rétegzett szájban. Ajánlott párosítás: vacsihoz, ünnepi asztalra ajánlott. Alkoholtartalom: 12.45%.',29,26,2),(434,'Royal Tokaji Furmint 2000',21,13.23,22591,'A Royal Tokaji Furmint 2000 egy elegáns fehér bor, amely aromája a friss gyümölcsök és enyhe vanília jegyeivel. Ajánlott párosítás: sült zöldségekkel és rizottóval. Alkoholtartalom: 13.23%.',29,23,2),(435,'Royal Tokaji Furmint 2018',39,11.83,17657,'A Royal Tokaji Furmint 2018 egy elegáns fehér bor, amely virágos illatjegyek és citrusos frissesség. Ajánlott párosítás: fehér húsokkal, csirke és pulyka mellett. Alkoholtartalom: 11.83%.',29,23,2),(436,'Royal Tokaji Hárslevelű 2009',30,11.82,42912,'A Royal Tokaji Hárslevelű 2009 egy elegáns fehér bor, amely elegáns struktúra, tökéletes érlelési potenciállal. Ajánlott párosítás: halételekkel és könnyű tésztákkal. Alkoholtartalom: 11.82%.',29,24,2),(437,'Royal Tokaji Furmint 2004',25,12.57,19619,'A Royal Tokaji Furmint 2004 egy elegáns fehér bor, amely gazdag illat, ahol a fekete bogyós gyümölcsök dominálnak. Ajánlott párosítás: desszertekkel és patisszériákkal. Alkoholtartalom: 12.57%.',29,23,2),(438,'Royal Tokaji Olaszrizling 2013',34,11.93,12437,'A Royal Tokaji Olaszrizling 2013 egy elegáns fehér bor, amely élénk savakkal és karakteres minerális tónussal. Ajánlott párosítás: vacsihoz, ünnepi asztalra ajánlott. Alkoholtartalom: 11.93%.',29,25,2),(439,'St. Andrea Cuvée 1997',18,11.52,11245,'A St. Andrea Cuvée 1997 egy elegáns fehér bor, amely virágos illatjegyek és citrusos frissesség. Ajánlott párosítás: sashimi-hoz vagy könnyű tengeri ételekhez. Alkoholtartalom: 11.52%.',30,24,2),(440,'St. Andrea Hárslevelű 1997',18,11.91,14879,'A St. Andrea Hárslevelű 1997 egy elegáns fehér bor, amely virágos illatjegyek és citrusos frissesség. Ajánlott párosítás: gyümölcssalátával és friss süteményekkel. Alkoholtartalom: 11.91%.',30,24,2),(441,'St. Andrea Reserve Pinot Grigio 2016',37,11.87,8007,'A St. Andrea Reserve Pinot Grigio 2016 egy elegáns fehér bor, amely finoman fűszeres lecsengéssel. Ajánlott párosítás: halételekkel és könnyű tésztákkal. Alkoholtartalom: 11.87%.',30,26,2),(442,'St. Andrea Furmint 1995',16,11.46,12708,'A St. Andrea Furmint 1995 egy elegáns fehér bor, amely kóstolva komplex, rétegzett szájban. Ajánlott párosítás: vacsihoz, ünnepi asztalra ajánlott. Alkoholtartalom: 11.46%.',30,23,2),(443,'St. Andrea Cuvée 2016',37,11.08,2838,'A St. Andrea Cuvée 2016 egy elegáns fehér bor, amely mézes, aszalt gyümölcsös aromák jellemzik. Ajánlott párosítás: érlelt sajtokkal. Alkoholtartalom: 11.08%.',30,17,2),(444,'St. Andrea Hárslevelű 2000',21,11.43,14250,'A St. Andrea Hárslevelű 2000 egy elegáns fehér bor, amely elegáns struktúra, tökéletes érlelési potenciállal. Ajánlott párosítás: sült zöldségekkel és rizottóval. Alkoholtartalom: 11.43%.',30,24,2),(445,'St. Andrea Olaszrizling 2021',42,12.74,6975,'A St. Andrea Olaszrizling 2021 egy elegáns fehér bor, amely gazdag illat, ahol a fekete bogyós gyümölcsök dominálnak. Ajánlott párosítás: desszertekkel és patisszériákkal. Alkoholtartalom: 12.74%.',30,25,2),(446,'St. Andrea Hárslevelű 2023',44,11.98,13485,'A St. Andrea Hárslevelű 2023 egy elegáns fehér bor, amely elegáns struktúra, tökéletes érlelési potenciállal. Ajánlott párosítás: vacsihoz, ünnepi asztalra ajánlott. Alkoholtartalom: 11.98%.',30,24,2),(447,'Bodegas Muga Verdejo 2007',28,12.75,13476,'A Bodegas Muga Verdejo 2007 egy elegáns fehér bor, amely kóstolva komplex, rétegzett szájban. Ajánlott párosítás: olasz tésztákkal és pizzával. Alkoholtartalom: 12.75%.',31,32,2),(448,'Bodegas Muga Garnacha Blanca 2011',32,11.70,13500,'A Bodegas Muga Garnacha Blanca 2011 egy elegáns fehér bor, amely kerek, jól kiegyensúlyozott testtel rendelkezik. Ajánlott párosítás: vörös húsokkal és barbecue-val. Alkoholtartalom: 11.7%.',31,33,2),(449,'Bodegas Muga Verdejo 2024',45,12.68,12159,'A Bodegas Muga Verdejo 2024 egy elegáns fehér bor, amely elegáns struktúra, tökéletes érlelési potenciállal. Ajánlott párosítás: sashimi-hoz vagy könnyű tengeri ételekhez. Alkoholtartalom: 12.68%.',31,32,2),(450,'Bodegas Muga Verdejo 2009',30,11.63,6145,'A Bodegas Muga Verdejo 2009 egy elegáns fehér bor, amely élénk savakkal és karakteres minerális tónussal. Ajánlott párosítás: vörös húsokkal és barbecue-val. Alkoholtartalom: 11.63%.',31,32,2),(451,'Bodegas Muga Cuvée 2021',42,12.85,11969,'A Bodegas Muga Cuvée 2021 egy elegáns fehér bor, amely finoman fűszeres lecsengéssel. Ajánlott párosítás: halételekkel és könnyű tésztákkal. Alkoholtartalom: 12.85%.',31,33,2),(452,'Bodegas Muga Cuvée 2007',28,11.93,12612,'A Bodegas Muga Cuvée 2007 egy elegáns fehér bor, amely aromája a friss gyümölcsök és enyhe vanília jegyeivel. Ajánlott párosítás: desszertekkel és patisszériákkal. Alkoholtartalom: 11.93%.',31,27,2),(453,'Bodegas Muga Reserve Garnacha Blanca 2016',37,12.24,12910,'A Bodegas Muga Reserve Garnacha Blanca 2016 egy elegáns fehér bor, amely finoman fűszeres lecsengéssel. Ajánlott párosítás: desszertekkel és patisszériákkal. Alkoholtartalom: 12.24%.',31,33,2),(454,'Bodegas Muga Reserve Verdejo 2016',37,14.20,2367,'A Bodegas Muga Reserve Verdejo 2016 egy elegáns fehér bor, amely elegáns struktúra, tökéletes érlelési potenciállal. Ajánlott párosítás: vacsihoz, ünnepi asztalra ajánlott. Alkoholtartalom: 14.2%.',31,32,2),(455,'La Rioja Alta Cuvée 2003',24,13.93,12535,'A La Rioja Alta Cuvée 2003 egy elegáns fehér bor, amely kerek, jól kiegyensúlyozott testtel rendelkezik. Ajánlott párosítás: olasz tésztákkal és pizzával. Alkoholtartalom: 13.93%.',32,27,2),(456,'La Rioja Alta Tempranillo 2005',26,11.41,5024,'A La Rioja Alta Tempranillo 2005 egy elegáns vörös bor, amely kerek, jól kiegyensúlyozott testtel rendelkezik. Ajánlott párosítás: gyümölcssalátával és friss süteményekkel. Alkoholtartalom: 11.41%.',32,5,1),(457,'La Rioja Alta Albariño 1995',16,13.82,6430,'A La Rioja Alta Albariño 1995 egy elegáns fehér bor, amely gazdag illat, ahol a fekete bogyós gyümölcsök dominálnak. Ajánlott párosítás: vörös húsokkal és barbecue-val. Alkoholtartalom: 13.82%.',32,27,2),(458,'La Rioja Alta Reserve Albariño 1996',17,13.71,13004,'A La Rioja Alta Reserve Albariño 1996 egy elegáns fehér bor, amely kóstolva komplex, rétegzett szájban. Ajánlott párosítás: fehér húsokkal, csirke és pulyka mellett. Alkoholtartalom: 13.71%.',32,27,2),(459,'La Rioja Alta Garnacha Blanca 2019',40,13.05,6375,'A La Rioja Alta Garnacha Blanca 2019 egy elegáns fehér bor, amely finoman fűszeres lecsengéssel. Ajánlott párosítás: sült zöldségekkel és rizottóval. Alkoholtartalom: 13.05%.',32,33,2),(460,'La Rioja Alta Cuvée 2020',41,13.27,4265,'A La Rioja Alta Cuvée 2020 egy elegáns fehér bor, amely elegáns struktúra, tökéletes érlelési potenciállal. Ajánlott párosítás: fehér húsokkal, csirke és pulyka mellett. Alkoholtartalom: 13.27%.',32,33,2),(461,'La Rioja Alta Albariño 2006',27,12.32,11542,'A La Rioja Alta Albariño 2006 egy elegáns fehér bor, amely finoman fűszeres lecsengéssel. Ajánlott párosítás: vörös húsokkal és barbecue-val. Alkoholtartalom: 12.32%.',32,27,2),(462,'La Rioja Alta Garnacha Blanca 2023',44,13.98,12021,'A La Rioja Alta Garnacha Blanca 2023 egy elegáns fehér bor, amely finoman fűszeres lecsengéssel. Ajánlott párosítás: vacsihoz, ünnepi asztalra ajánlott. Alkoholtartalom: 13.98%.',32,33,2),(463,'Sassicaia Cuvée 2009',30,11.99,95694,'A Sassicaia Cuvée 2009 egy elegáns vörös bor, amely finoman fűszeres lecsengéssel. Ajánlott párosítás: fehér húsokkal, csirke és pulyka mellett. Alkoholtartalom: 11.99%.',33,15,1),(464,'Sassicaia Sangiovese 2019',40,12.56,64940,'A Sassicaia Sangiovese 2019 egy elegáns vörös bor, amely kóstolva komplex, rétegzett szájban. Ajánlott párosítás: fehér húsokkal, csirke és pulyka mellett. Alkoholtartalom: 12.56%.',33,8,1),(465,'Sassicaia Barbera 2013',34,11.94,111647,'A Sassicaia Barbera 2013 egy elegáns vörös bor, amely kóstolva komplex, rétegzett szájban. Ajánlott párosítás: vörös húsokkal és barbecue-val. Alkoholtartalom: 11.94%.',33,10,1),(466,'Sassicaia Reserve Aglianico 1997',18,14.30,146138,'A Sassicaia Reserve Aglianico 1997 egy elegáns vörös bor, amely mézes, aszalt gyümölcsös aromák jellemzik. Ajánlott párosítás: sült zöldségekkel és rizottóval. Alkoholtartalom: 14.3%.',33,12,1),(467,'Sassicaia Reserve Aglianico 2010',31,11.46,84936,'A Sassicaia Reserve Aglianico 2010 egy elegáns vörös bor, amely selymes tanninokkal és hosszan tartó utóízzel. Ajánlott párosítás: érlelt sajtokkal. Alkoholtartalom: 11.46%.',33,12,1),(468,'Sassicaia Cuvée 2013',34,12.33,64840,'A Sassicaia Cuvée 2013 egy elegáns vörös bor, amely kóstolva komplex, rétegzett szájban. Ajánlott párosítás: fehér húsokkal, csirke és pulyka mellett. Alkoholtartalom: 12.33%.',33,7,1),(469,'Sassicaia Cuvée 2005',26,11.72,34375,'A Sassicaia Cuvée 2005 egy elegáns vörös bor, amely kóstolva komplex, rétegzett szájban. Ajánlott párosítás: fehér húsokkal, csirke és pulyka mellett. Alkoholtartalom: 11.72%.',33,12,1),(470,'Sassicaia Primitivo 2016',37,15.02,113063,'A Sassicaia Primitivo 2016 egy elegáns vörös bor, amely finoman fűszeres lecsengéssel. Ajánlott párosítás: vacsihoz, ünnepi asztalra ajánlott. Alkoholtartalom: 15.02%.',33,15,1),(471,'Sassicaia Cuvée 2022',43,11.24,66387,'A Sassicaia Cuvée 2022 egy elegáns vörös bor, amely virágos illatjegyek és citrusos frissesség. Ajánlott párosítás: sashimi-hoz vagy könnyű tengeri ételekhez. Alkoholtartalom: 11.24%.',33,8,1),(472,'Sassicaia Chardonnay 2019',40,12.89,107575,'A Sassicaia Chardonnay 2019 egy elegáns fehér bor, amely kóstolva komplex, rétegzett szájban. Ajánlott párosítás: vörös húsokkal és barbecue-val. Alkoholtartalom: 12.89%.',33,17,2),(473,'Sassicaia Primitivo 2011',32,14.78,44199,'A Sassicaia Primitivo 2011 egy elegáns vörös bor, amely virágos illatjegyek és citrusos frissesség. Ajánlott párosítás: halételekkel és könnyű tésztákkal. Alkoholtartalom: 14.78%.',33,15,1),(474,'Sassicaia Chardonnay 2008',29,13.19,85041,'A Sassicaia Chardonnay 2008 egy elegáns fehér bor, amely selymes tanninokkal és hosszan tartó utóízzel. Ajánlott párosítás: érlelt sajtokkal. Alkoholtartalom: 13.19%.',33,17,2),(475,'Sassicaia Reserve Nebbiolo 2017',38,13.13,39439,'A Sassicaia Reserve Nebbiolo 2017 egy elegáns vörös bor, amely mézes, aszalt gyümölcsös aromák jellemzik. Ajánlott párosítás: gyümölcssalátával és friss süteményekkel. Alkoholtartalom: 13.13%.',33,7,1),(476,'Sassicaia Barbera 2022',43,11.41,93016,'A Sassicaia Barbera 2022 egy elegáns vörös bor, amely virágos illatjegyek és citrusos frissesség. Ajánlott párosítás: fehér húsokkal, csirke és pulyka mellett. Alkoholtartalom: 11.41%.',33,10,1),(477,'Sassicaia Nebbiolo 2005',26,12.18,83132,'A Sassicaia Nebbiolo 2005 egy elegáns vörös bor, amely élénk savakkal és karakteres minerális tónussal. Ajánlott párosítás: vacsihoz, ünnepi asztalra ajánlott. Alkoholtartalom: 12.18%.',33,7,1),(478,'Penfolds Grange Cabernet Sauvignon 1998',19,11.39,20720,'A Penfolds Grange Cabernet Sauvignon 1998 egy elegáns vörös bor, amely elegáns struktúra, tökéletes érlelési potenciállal. Ajánlott párosítás: desszertekkel és patisszériákkal. Alkoholtartalom: 11.39%.',34,1,1),(479,'Penfolds Grange Chardonnay 2016',37,13.86,23489,'A Penfolds Grange Chardonnay 2016 egy elegáns fehér bor, amely mézes, aszalt gyümölcsös aromák jellemzik. Ajánlott párosítás: vacsihoz, ünnepi asztalra ajánlott. Alkoholtartalom: 13.86%.',34,17,2),(480,'Penfolds Grange Reserve Chardonnay 2022',43,12.05,22608,'A Penfolds Grange Reserve Chardonnay 2022 egy elegáns fehér bor, amely aromája a friss gyümölcsök és enyhe vanília jegyeivel. Ajánlott párosítás: sashimi-hoz vagy könnyű tengeri ételekhez. Alkoholtartalom: 12.05%.',34,17,2),(481,'Penfolds Grange Grenache 2016',37,14.60,33069,'A Penfolds Grange Grenache 2016 egy elegáns vörös bor, amely kóstolva komplex, rétegzett szájban. Ajánlott párosítás: gyümölcssalátával és friss süteményekkel. Alkoholtartalom: 14.6%.',34,35,1),(482,'Penfolds Grange Syrah 2005',26,15.37,37913,'A Penfolds Grange Syrah 2005 egy elegáns vörös bor, amely virágos illatjegyek és citrusos frissesség. Ajánlott párosítás: halételekkel és könnyű tésztákkal. Alkoholtartalom: 15.37%.',34,4,1),(483,'Penfolds Grange Chardonnay 2024',45,11.71,38435,'A Penfolds Grange Chardonnay 2024 egy elegáns fehér bor, amely elegáns struktúra, tökéletes érlelési potenciállal. Ajánlott párosítás: olasz tésztákkal és pizzával. Alkoholtartalom: 11.71%.',34,17,2),(484,'Penfolds Grange Cabernet Sauvignon 2009',30,11.39,28585,'A Penfolds Grange Cabernet Sauvignon 2009 egy elegáns vörös bor, amely élénk savakkal és karakteres minerális tónussal. Ajánlott párosítás: sashimi-hoz vagy könnyű tengeri ételekhez. Alkoholtartalom: 11.39%.',34,1,1),(485,'Penfolds Grange Cabernet Sauvignon 2013',34,14.54,31053,'A Penfolds Grange Cabernet Sauvignon 2013 egy elegáns vörös bor, amely virágos illatjegyek és citrusos frissesség. Ajánlott párosítás: halételekkel és könnyű tésztákkal. Alkoholtartalom: 14.54%.',34,1,1),(486,'Penfolds Grange Cuvée 2012',33,13.55,29559,'A Penfolds Grange Cuvée 2012 egy elegáns vörös bor, amely kóstolva komplex, rétegzett szájban. Ajánlott párosítás: halételekkel és könnyű tésztákkal. Alkoholtartalom: 13.55%.',34,4,1),(487,'Penfolds Grange Reserve Cabernet Sauvignon 2016',37,14.54,40097,'A Penfolds Grange Reserve Cabernet Sauvignon 2016 egy elegáns vörös bor, amely virágos illatjegyek és citrusos frissesség. Ajánlott párosítás: olasz tésztákkal és pizzával. Alkoholtartalom: 14.54%.',34,1,1),(488,'Penfolds Grange Chardonnay 2011',32,13.00,25503,'A Penfolds Grange Chardonnay 2011 egy elegáns fehér bor, amely virágos illatjegyek és citrusos frissesség. Ajánlott párosítás: érlelt sajtokkal. Alkoholtartalom: 13.0%.',34,17,2),(489,'Penfolds Grange Chardonnay 2017',38,11.14,40914,'A Penfolds Grange Chardonnay 2017 egy elegáns fehér bor, amely selymes tanninokkal és hosszan tartó utóízzel. Ajánlott párosítás: vörös húsokkal és barbecue-val. Alkoholtartalom: 11.14%.',34,17,2),(490,'Penfolds Grange Reserve Zinfandel 2019',40,15.04,8749,'A Penfolds Grange Reserve Zinfandel 2019 egy elegáns vörös bor, amely élénk savakkal és karakteres minerális tónussal. Ajánlott párosítás: olasz tésztákkal és pizzával. Alkoholtartalom: 15.04%.',34,9,1),(491,'Penfolds Grange Cuvée 2008',29,14.00,33340,'A Penfolds Grange Cuvée 2008 egy elegáns fehér bor, amely selymes tanninokkal és hosszan tartó utóízzel. Ajánlott párosítás: érlelt sajtokkal. Alkoholtartalom: 14.0%.',34,17,1),(492,'Penfolds Grange Reserve Chardonnay 2009',30,13.71,19872,'A Penfolds Grange Reserve Chardonnay 2009 egy elegáns fehér bor, amely elegáns struktúra, tökéletes érlelési potenciállal. Ajánlott párosítás: halételekkel és könnyű tésztákkal. Alkoholtartalom: 13.71%.',34,17,2),(493,'Catena Alta Cabernet Sauvignon 2005',26,15.11,7293,'A Catena Alta Cabernet Sauvignon 2005 egy elegáns vörös bor, amely kerek, jól kiegyensúlyozott testtel rendelkezik. Ajánlott párosítás: fehér húsokkal, csirke és pulyka mellett. Alkoholtartalom: 15.11%.',35,1,1),(494,'Catena Alta Reserve Torrontés 2021',42,13.77,2853,'A Catena Alta Reserve Torrontés 2021 egy elegáns fehér bor, amely virágos illatjegyek és citrusos frissesség. Ajánlott párosítás: érlelt sajtokkal. Alkoholtartalom: 13.77%.',35,30,2),(495,'Catena Alta Torrontés 2020',41,14.08,2376,'A Catena Alta Torrontés 2020 egy elegáns fehér bor, amely selymes tanninokkal és hosszan tartó utóízzel. Ajánlott párosítás: vörös húsokkal és barbecue-val. Alkoholtartalom: 14.08%.',35,30,2),(496,'Catena Alta Malbec 2007',28,11.23,6685,'A Catena Alta Malbec 2007 egy elegáns vörös bor, amely gazdag illat, ahol a fekete bogyós gyümölcsök dominálnak. Ajánlott párosítás: gyümölcssalátával és friss süteményekkel. Alkoholtartalom: 11.23%.',35,6,1),(497,'Catena Alta Torrontés 2015',36,14.23,10855,'A Catena Alta Torrontés 2015 egy elegáns fehér bor, amely mézes, aszalt gyümölcsös aromák jellemzik. Ajánlott párosítás: vacsihoz, ünnepi asztalra ajánlott. Alkoholtartalom: 14.23%.',35,30,2),(498,'Catena Alta Malbec 2013',34,13.64,6547,'A Catena Alta Malbec 2013 egy elegáns vörös bor, amely élénk savakkal és karakteres minerális tónussal. Ajánlott párosítás: halételekkel és könnyű tésztákkal. Alkoholtartalom: 13.64%.',35,6,1),(499,'Catena Alta Reserve Malbec 2008',29,11.22,13100,'A Catena Alta Reserve Malbec 2008 egy elegáns vörös bor, amely selymes tanninokkal és hosszan tartó utóízzel. Ajánlott párosítás: desszertekkel és patisszériákkal. Alkoholtartalom: 11.22%.',35,6,1),(500,'Catena Alta Torrontés 2017',38,11.72,10471,'A Catena Alta Torrontés 2017 egy elegáns fehér bor, amely aromája a friss gyümölcsök és enyhe vanília jegyeivel. Ajánlott párosítás: gyümölcssalátával és friss süteményekkel. Alkoholtartalom: 11.72%.',35,30,2),(521,'Tokaji Aszú 6 puttonyos',38,12.50,18990,'Klasszikus magyar desszertbor gazdag mézes és barackos jegyekkel. Hosszú érlelésű, természetes édes bor.',25,3,5),(522,'Disznókő Tokaji Aszú 5 puttonyos',39,11.50,13990,'Aranyszínű, trópusi gyümölcsös aromájú aszú bor, tökéletes desszertkísérő.',28,3,5),(523,'Royal Tokaji Gold Label Aszú',37,12.00,21990,'Gazdag, édes bor barack, méz és mazsola ízvilággal.',29,3,5),(524,'Szepsy Szamorodni Édes',40,12.00,9900,'Tokaji hagyományok szerinti édes szamorodni, természetes nemespenészes furmint alapú bor.',25,3,5),(525,'Oremus Tokaji Late Harvest',41,11.00,8900,'Könnyed, modern édes tokaji bor, citrusos és mézes aromákkal.',29,3,5),(526,'Château d\'Yquem Sauternes',36,14.00,99990,'Világhírű francia édesbor, rendkívül koncentrált ízvilág, botritiszes szőlőből.',1,4,5),(527,'Niepoort LBV Port',38,20.00,14900,'Gazdag, selymes portugál portói bor, feketeribizli és szilva aromákkal.',16,5,5),(528,'Quinta do Noval 10 Year Old Tawny Port',33,20.00,16900,'Karamelles és diós jegyekkel bíró, édes portói desszertbor.',20,5,5),(529,'Catena Zapata Late Harvest',40,12.00,10900,'Argentin desszertbor, trópusi gyümölcsös és vaníliás aromákkal.',15,7,5),(530,'Tokaji Fordítás',42,12.00,5990,'Ritka, mély karakterű tokaji édes bor, aszútörkölyről préselve.',25,3,5),(531,'Gere Attila Rosé Cuvée',43,12.00,3290,'Friss és gyümölcsös villányi rozé, eper és málna jegyekkel.',26,2,3),(532,'Bock Rosé',43,12.50,3190,'Villányi rozébor, kellemes savtartalommal és virágos illattal.',27,2,3),(533,'St. Andrea Áldás Rosé',42,12.00,3490,'Egri rosé, vibráló savval és piros bogyós gyümölcsökkel.',30,2,3),(534,'Gál Tibor Pinot Noir Rosé',43,12.50,3790,'Kifinomult egri rozé, epres, ribizlis ízvilággal.',30,2,3),(535,'Château Miraval Rosé',42,13.00,7990,'Provence-i stílusú, világhírű francia rozé, könnyed és elegáns.',1,2,3),(536,'Antinori Scalabrone Rosato',41,12.50,5990,'Olasz rosé, friss és elegáns, mediterrán aromákkal.',7,2,3),(537,'La Rioja Alta Rosado',40,13.00,4990,'Spanyol rosé bor, ibériai gyümölcsös karakterrel.',32,2,3),(538,'Vega Sicilia Rosado Único',41,13.00,9990,'Spanyol különlegesség, komoly testtel és finom savszerkezettel.',8,2,3),(539,'Cloudy Bay Pinot Noir Rosé',42,13.50,8990,'Új-zélandi rozé, epres és frissítő karakterrel.',11,2,3),(540,'Catena Zapata Rosado',42,13.00,6490,'Argentin rozé, malbec alapú, kellemesen gyümölcsös és virágos.',15,2,3),(541,'Törley Chardonnay Brut',42,12.00,2990,'Klasszikus magyar pezsgő, friss citrusos és almás jegyekkel.',28,1,4),(542,'Francois President Blanc de Blancs',41,12.00,3290,'Világos arany szín, gazdag buborék, finom savérzet.',28,1,4),(543,'Hungaria Extra Dry',43,11.50,2990,'Könnyed, frissítő pezsgő, tökéletes aperitif.',28,1,4),(544,'Bollinger Special Cuvée Brut',39,12.00,25990,'Komplex francia champagne, mogyorós és briósos aromákkal.',18,1,4),(545,'Krug Grande Cuvée',37,12.50,89990,'Világhírű champagne, több mint 120 bor házasításával készült.',17,1,4),(546,'Louis Roederer Brut Premier',38,12.00,19990,'Elegáns champagne, almás és pirított mogyorós aromákkal.',19,1,4),(547,'Gere Pezsgő Brut Nature',42,12.50,6490,'Villányi tradicionális pezsgő, száraz és elegáns.',26,1,4),(548,'Szepsy Pezsgő Brut',40,12.00,9990,'Tokaji terroirból származó prémium pezsgő, ásványos lecsengéssel.',25,1,4),(549,'Moët & Chandon Impérial Brut',41,12.00,19990,'Klasszikus champagne, citrusos és fehér gyümölcsös aromákkal.',17,1,4),(550,'Dom Pérignon Vintage',34,12.50,99990,'Ikonikus champagne, elegáns, hosszú utóízzel és kifinomult buborékkal.',17,1,4);
/*!40000 ALTER TABLE `borok` ENABLE KEYS */;
UNLOCK TABLES;

--
-- Table structure for table `cimek`
--

DROP TABLE IF EXISTS `cimek`;
/*!40101 SET @saved_cs_client     = @@character_set_client */;
/*!50503 SET character_set_client = utf8mb4 */;
CREATE TABLE `cimek` (
  `id` int NOT NULL AUTO_INCREMENT,
  `teljes_nev` varchar(100) COLLATE utf8mb4_hungarian_ci NOT NULL,
  `email` varchar(100) COLLATE utf8mb4_hungarian_ci DEFAULT NULL,
  `telefon` varchar(30) COLLATE utf8mb4_hungarian_ci DEFAULT NULL,
  `orszag` varchar(100) COLLATE utf8mb4_hungarian_ci NOT NULL,
  `varos` varchar(100) COLLATE utf8mb4_hungarian_ci NOT NULL,
  `iranyitoszam` varchar(20) COLLATE utf8mb4_hungarian_ci NOT NULL,
  `cim_sor1` varchar(255) COLLATE utf8mb4_hungarian_ci NOT NULL,
  `cim_sor2` varchar(255) COLLATE utf8mb4_hungarian_ci DEFAULT NULL,
  PRIMARY KEY (`id`)
) ENGINE=InnoDB AUTO_INCREMENT=9 DEFAULT CHARSET=utf8mb4 COLLATE=utf8mb4_hungarian_ci;
/*!40101 SET character_set_client = @saved_cs_client */;

--
-- Dumping data for table `cimek`
--

LOCK TABLES `cimek` WRITE;
/*!40000 ALTER TABLE `cimek` DISABLE KEYS */;
INSERT INTO `cimek` VALUES (1,'asd','asd@asd.asd','112312312','Magyarorszag','asd','2131','asd','asdsadasd'),(2,'asd','asd@asd.asd','112312312','Magyarorszag','asd','2131','asd','asdsadasd'),(3,'asd','asd@asd.asd',NULL,'Magyarorszag','asd','1234','asd',NULL),(4,'asd','asd@asd.asd',NULL,'Magyarorszag','asd','1234','asd',NULL),(5,'asdasd','asd2@asd2.asd',NULL,'Magyarorszag','asdasdasda','65432','asdad',NULL),(6,'asdasd','asd2@asd2.asd',NULL,'Magyarorszag','asdasdasda','65432','asdad',NULL),(7,'jfg','dfx','243424','Magyarorszag','terhbe','6565','gnmhjiohgfhj',NULL),(8,'jfg','dfx','243424','Magyarorszag','terhbe','6565','gnmhjiohgfhj',NULL);
/*!40000 ALTER TABLE `cimek` ENABLE KEYS */;
UNLOCK TABLES;

--
-- Table structure for table `evjaratok`
--

DROP TABLE IF EXISTS `evjaratok`;
/*!40101 SET @saved_cs_client     = @@character_set_client */;
/*!50503 SET character_set_client = utf8mb4 */;
CREATE TABLE `evjaratok` (
  `evjarat_id` int NOT NULL AUTO_INCREMENT,
  `evjarat` year NOT NULL,
  PRIMARY KEY (`evjarat_id`),
  UNIQUE KEY `evjarat` (`evjarat`)
) ENGINE=InnoDB AUTO_INCREMENT=46 DEFAULT CHARSET=utf8mb4 COLLATE=utf8mb4_hungarian_ci;
/*!40101 SET character_set_client = @saved_cs_client */;

--
-- Dumping data for table `evjaratok`
--

LOCK TABLES `evjaratok` WRITE;
/*!40000 ALTER TABLE `evjaratok` DISABLE KEYS */;
INSERT INTO `evjaratok` VALUES (1,1980),(2,1981),(3,1982),(4,1983),(5,1984),(6,1985),(7,1986),(8,1987),(9,1988),(10,1989),(11,1990),(12,1991),(13,1992),(14,1993),(15,1994),(16,1995),(17,1996),(18,1997),(19,1998),(20,1999),(21,2000),(22,2001),(23,2002),(24,2003),(25,2004),(26,2005),(27,2006),(28,2007),(29,2008),(30,2009),(31,2010),(32,2011),(33,2012),(34,2013),(35,2014),(36,2015),(37,2016),(38,2017),(39,2018),(40,2019),(41,2020),(42,2021),(43,2022),(44,2023),(45,2024);
/*!40000 ALTER TABLE `evjaratok` ENABLE KEYS */;
UNLOCK TABLES;

--
-- Table structure for table `fajtak`
--

DROP TABLE IF EXISTS `fajtak`;
/*!40101 SET @saved_cs_client     = @@character_set_client */;
/*!50503 SET character_set_client = utf8mb4 */;
CREATE TABLE `fajtak` (
  `fajta_id` int NOT NULL AUTO_INCREMENT,
  `nev` varchar(100) COLLATE utf8mb4_hungarian_ci NOT NULL,
  `szin` varchar(50) COLLATE utf8mb4_hungarian_ci NOT NULL,
  PRIMARY KEY (`fajta_id`)
) ENGINE=InnoDB AUTO_INCREMENT=38 DEFAULT CHARSET=utf8mb4 COLLATE=utf8mb4_hungarian_ci;
/*!40101 SET character_set_client = @saved_cs_client */;

--
-- Dumping data for table `fajtak`
--

LOCK TABLES `fajtak` WRITE;
/*!40000 ALTER TABLE `fajtak` DISABLE KEYS */;
INSERT INTO `fajtak` VALUES (1,'Cabernet Sauvignon','vörös'),(2,'Merlot','vörös'),(3,'Pinot Noir','vörös'),(4,'Syrah','vörös'),(5,'Tempranillo','vörös'),(6,'Malbec','vörös'),(7,'Nebbiolo','vörös'),(8,'Sangiovese','vörös'),(9,'Zinfandel','vörös'),(10,'Barbera','vörös'),(11,'Baga','vörös'),(12,'Aglianico','vörös'),(13,'Touriga Nacional','vörös'),(14,'Carmenere','vörös'),(15,'Primitivo','vörös'),(16,'Nero d\'Avola','vörös'),(17,'Chardonnay','fehér'),(18,'Sauvignon Blanc','fehér'),(19,'Riesling','fehér'),(20,'Gewürztraminer','fehér'),(21,'Viognier','fehér'),(22,'Semillon','fehér'),(23,'Furmint','fehér'),(24,'Hárslevelű','fehér'),(25,'Olaszrizling','fehér'),(26,'Pinot Grigio','fehér'),(27,'Albariño','fehér'),(28,'Chenin Blanc','fehér'),(29,'Moscato','fehér'),(30,'Torrontés','fehér'),(31,'Glera','fehér'),(32,'Verdejo','fehér'),(33,'Garnacha Blanca','fehér'),(34,'Petit Verdot','vörös'),(35,'Grenache','vörös'),(36,'Carricante','fehér'),(37,'Pinot Gris','fehér');
/*!40000 ALTER TABLE `fajtak` ENABLE KEYS */;
UNLOCK TABLES;

--
-- Table structure for table `orszagok`
--

DROP TABLE IF EXISTS `orszagok`;
/*!40101 SET @saved_cs_client     = @@character_set_client */;
/*!50503 SET character_set_client = utf8mb4 */;
CREATE TABLE `orszagok` (
  `orszag_id` int NOT NULL AUTO_INCREMENT,
  `nev` varchar(100) COLLATE utf8mb4_hungarian_ci NOT NULL,
  PRIMARY KEY (`orszag_id`),
  UNIQUE KEY `nev` (`nev`)
) ENGINE=InnoDB AUTO_INCREMENT=11 DEFAULT CHARSET=utf8mb4 COLLATE=utf8mb4_hungarian_ci;
/*!40101 SET character_set_client = @saved_cs_client */;

--
-- Dumping data for table `orszagok`
--

LOCK TABLES `orszagok` WRITE;
/*!40000 ALTER TABLE `orszagok` DISABLE KEYS */;
INSERT INTO `orszagok` VALUES (8,'Argentína'),(4,'Ausztrália'),(7,'Chile'),(1,'Franciaország'),(10,'Magyarország'),(2,'Olaszország'),(9,'Portugália'),(3,'Spanyolország'),(5,'Új-Zéland'),(6,'USA');
/*!40000 ALTER TABLE `orszagok` ENABLE KEYS */;
UNLOCK TABLES;

--
-- Table structure for table `pincek`
--

DROP TABLE IF EXISTS `pincek`;
/*!40101 SET @saved_cs_client     = @@character_set_client */;
/*!50503 SET character_set_client = utf8mb4 */;
CREATE TABLE `pincek` (
  `pince_id` int NOT NULL AUTO_INCREMENT,
  `nev` varchar(150) COLLATE utf8mb4_hungarian_ci NOT NULL,
  `telepules` varchar(100) COLLATE utf8mb4_hungarian_ci NOT NULL,
  `cim` varchar(255) COLLATE utf8mb4_hungarian_ci NOT NULL,
  `telefon` varchar(30) COLLATE utf8mb4_hungarian_ci NOT NULL,
  `email` varchar(100) COLLATE utf8mb4_hungarian_ci NOT NULL,
  `weboldal` varchar(255) COLLATE utf8mb4_hungarian_ci NOT NULL,
  `orszag_id` int NOT NULL,
  PRIMARY KEY (`pince_id`),
  KEY `pincek_ibfk_1` (`orszag_id`),
  CONSTRAINT `pincek_ibfk_1` FOREIGN KEY (`orszag_id`) REFERENCES `orszagok` (`orszag_id`)
) ENGINE=InnoDB AUTO_INCREMENT=36 DEFAULT CHARSET=utf8mb4 COLLATE=utf8mb4_hungarian_ci;
/*!40101 SET character_set_client = @saved_cs_client */;

--
-- Dumping data for table `pincek`
--

LOCK TABLES `pincek` WRITE;
/*!40000 ALTER TABLE `pincek` DISABLE KEYS */;
INSERT INTO `pincek` VALUES (1,'Château Margaux','Margaux','Château Margaux, 33460 Margaux-Cantenac, Franciaország','+33 5 57 88 83 83','info@chateau-margaux.com','https://www.chateau-margaux.com',1),(2,'Château Lafite Rothschild','Pauillac','17 Rue Roland, 33250 Pauillac, Franciaország','+33 5 56 73 18 18','contact@lafite.com','https://www.lafite.com',1),(3,'Château Latour','Pauillac','Saint-Lambert, 33250 Pauillac, Franciaország','+33 5 56 73 19 80','contact@chateau-latour.com','https://www.chateau-latour.com',1),(4,'Domaine de la Romanée-Conti','Vosne-Romanée','Vosne-Romanée, Côte-d\'Or, Bourgogne, Franciaország','+33 3 80 61 91 02','info@domainederomaneeconti.com','https://www.romanee-conti.fr',1),(5,'Gaja','Barbaresco','Via Torino 5, 12050 Barbaresco (CN), Olaszország','+39 0173 635158','info@gaja.it','https://www.gaja.com',2),(6,'Tenuta San Guido (Sassicaia)','Bolgheri','Località Le Capanne n.27, 57022 Bolgheri (LI), Olaszország','+39 0565 762003','info@tenutasanguido.com','https://www.tenutasanguido.com',2),(7,'Marchesi Antinori','Florence','Piazza Antinori 3, 50123 Firenze FI, Olaszország','+39 055 35621','info@antinori.it','https://www.antinori.it',2),(8,'Vega Sicilia','Valbuena de Duero','Finca Vega Sicilia, 47359 Valbuena de Duero, Valladolid, Spanyolország','+34 983 680 147','vegasicilia@vega-sicilia.com','https://www.vega-sicilia.com',3),(9,'Marqués de Riscal','Elciego','Calle Torrea 1, 01340 Elciego (Álava), Spanyolország','+34 945 606 000','info@marquesderiscal.com','https://www.marquesderiscal.com',3),(10,'Penfolds','Adelaide','78 Penfold Road, Magill SA 5072, South Australia, Ausztrália','+61 8 8362 2444','info@penfolds.com','https://www.penfolds.com',4),(11,'Cloudy Bay','Marlborough','State Highway 1, Blenheim, Marlborough, Új-Zéland','+64 3-572 9688','info@cloudybay.co.nz','https://www.cloudybay.co.nz',5),(12,'Robert Mondavi','Oakville','7801 St Helena Hwy, Oakville, CA 94562, USA','+1 707-944-9444','info@robertmondavi.com','https://www.robertmondavi.com',6),(13,'Opus One','Oakville','7900 St Helena Hwy, Oakville, CA 94562, USA','+1 707-944-9442','info@opusonewinery.com','https://www.opusonewinery.com',6),(14,'Concha y Toro','Pirque','Av. Santa Rosa 76, Pirque, Región Metropolitana, Chile','+56 2 2634 6100','info@conchaytoro.cl','https://www.conchaytoro.com',7),(15,'Catena Zapata','Mendoza','Paseo San Martín 300, Mendoza, Argentína','+54 261 423 5600','info@catenawines.com','https://www.catenawines.com',8),(16,'Niepoort','Vila Nova de Gaia','Rua de Cândido dos Reis 291, Vila Nova de Gaia, Portugália','+351 22 374 3700','info@niepoortwines.com','https://www.niepoort.com',9),(17,'Krug','Reims','Reims, Champagne, Franciaország','+33 3 26 33 11 31','info@krug.com','https://www.krug.com',1),(18,'Bollinger','Ay','131 Rue de la Haubette, 51160 Ay, Champagne, Franciaország','+33 3 26 51 63 00','info@bollinger.com','https://www.bollinger.com',1),(19,'Louis Roederer','Reims','Reims, Champagne, Franciaország','+33 3 26 64 64 64','info@louis-roederer.fr','https://www.louis-roederer.com',1),(20,'Quinta do Noval','Vila Nova de Gaia','Vila Nova de Gaia, Portugália','+351 22 374 3700','info@quintadonoval.com','https://www.quintadonoval.com',9),(21,'Henschke','Eden Valley','Eden Valley, South Australia, Ausztrália','+61 8 8569 2777','info@henschke.com.au','https://www.henschke.com.au',4),(22,'Vasse Felix','Margaret River','Caves Road, Wilyabrup, Margaret River, WA 6280, Ausztrália','+61 8 9755 4100','info@vassefelix.com.au','https://www.vassefelix.com.au',4),(23,'Chateau Montelena','Calistoga','1429 Tubbs Ln, Calistoga, CA 94515, USA','+1 707-942-5105','info@chateaumontelena.com','https://www.chateaumontelena.com',6),(24,'Ridge Vineyards','Healdsburg','1715 Olivet Rd (or Monte Bello site as appropriate), Healdsburg / Cupertino area, CA, USA','+1 707-573-7101','info@ridgewine.com','https://www.ridgewine.com',6),(25,'Szepsy','Tokaj','Tokaj, Magyarország (Szepsy pincészet központi telephely)','+36 47 300 200','info@szepsy.com','https://www.szepsy.com',10),(26,'Gere','Villány','H-7773 Villány, Diófás utca 1., Magyarország','+36 72 564 300','info@gere.hu','https://www.gere.com',10),(27,'Bock','Villány','7773 Villány, Batthyány utca 15, Magyarország','+36 72 566 000','info@bock.hu','https://www.bock.com',10),(28,'Disznókő','Tolcsva','Tolcsva / Tokaj környéke, Magyarország (Disznókő pincészet címe: Tolcsva)','+36 47 356 100','info@disznoko.hu','https://www.disznoko.com',10),(29,'Royal Tokaji','Tokaj','Tokaj, Magyarország (Royal Tokaji központi telephely)','+36 47 311 111','info@royaltokaji.hu','https://www.royaltokaji.com',10),(30,'St. Andrea','Eger','Eger, Magyarország (St. Andrea pincészet címe és központja)','+36 36 512 000','info@standrea.hu','https://www.st-andrea.hu',10),(31,'Bodegas Muga','Haro','C. Torrea 78, 26200 Haro, La Rioja, Spanyolország','+34 941 313 215','info@bodegasmuga.com','https://www.bodegasmuga.com',3),(32,'La Rioja Alta','Haro','Ctra. de Haro 20, 26200 Haro, La Rioja, Spanyolország','+34 941 312 026','info@lariojaalta.com','https://www.lariojaalta.com',3),(33,'Sassicaia','Bolgheri','Bolgheri, Livorno, Toscana, Olaszország (Località Le Capanne környéke)','+39 0565 762003','info@sassicaia.com','https://www.sassicaia.com',2),(34,'Penfolds Grange','Adelaide','Magill Rd / Magill SA (Penfolds Grange / Magill Estate), South Australia','+61 8 8362 2444','info@penfolds.com','https://www.penfolds.com',4),(35,'Catena Alta','Mendoza','Mendoza, Argentína (Catena család központi telephelye)','+54 261 429 7000','info@catenawines.com','https://www.catenawines.com',8);
/*!40000 ALTER TABLE `pincek` ENABLE KEYS */;
UNLOCK TABLES;

--
-- Table structure for table `rendeles_statuszok`
--

DROP TABLE IF EXISTS `rendeles_statuszok`;
/*!40101 SET @saved_cs_client     = @@character_set_client */;
/*!50503 SET character_set_client = utf8mb4 */;
CREATE TABLE `rendeles_statuszok` (
  `id` int NOT NULL AUTO_INCREMENT,
  `nev` varchar(50) COLLATE utf8mb4_hungarian_ci NOT NULL,
  PRIMARY KEY (`id`)
) ENGINE=InnoDB AUTO_INCREMENT=6 DEFAULT CHARSET=utf8mb4 COLLATE=utf8mb4_hungarian_ci;
/*!40101 SET character_set_client = @saved_cs_client */;

--
-- Dumping data for table `rendeles_statuszok`
--

LOCK TABLES `rendeles_statuszok` WRITE;
/*!40000 ALTER TABLE `rendeles_statuszok` DISABLE KEYS */;
INSERT INTO `rendeles_statuszok` VALUES (1,'fuggoben'),(2,'feldolgozas alatt'),(3,'feladva'),(4,'kiszallitva'),(5,'torolve');
/*!40000 ALTER TABLE `rendeles_statuszok` ENABLE KEYS */;
UNLOCK TABLES;

--
-- Table structure for table `rendeles_tetelek`
--

DROP TABLE IF EXISTS `rendeles_tetelek`;
/*!40101 SET @saved_cs_client     = @@character_set_client */;
/*!50503 SET character_set_client = utf8mb4 */;
CREATE TABLE `rendeles_tetelek` (
  `id` int NOT NULL AUTO_INCREMENT,
  `rendeles_id` int NOT NULL,
  `bor_id` int NOT NULL,
  `bor_nev` varchar(255) COLLATE utf8mb4_hungarian_ci NOT NULL,
  `egysegar` decimal(10,2) NOT NULL,
  `mennyiseg` int NOT NULL DEFAULT '1',
  PRIMARY KEY (`id`),
  KEY `rendeles_id` (`rendeles_id`),
  KEY `bor_id` (`bor_id`),
  CONSTRAINT `rendeles_tetelek_ibfk_1` FOREIGN KEY (`rendeles_id`) REFERENCES `rendelesek` (`id`) ON DELETE CASCADE,
  CONSTRAINT `rendeles_tetelek_ibfk_2` FOREIGN KEY (`bor_id`) REFERENCES `borok` (`bor_id`)
) ENGINE=InnoDB AUTO_INCREMENT=6 DEFAULT CHARSET=utf8mb4 COLLATE=utf8mb4_hungarian_ci;
/*!40101 SET character_set_client = @saved_cs_client */;

--
-- Dumping data for table `rendeles_tetelek`
--

LOCK TABLES `rendeles_tetelek` WRITE;
/*!40000 ALTER TABLE `rendeles_tetelek` DISABLE KEYS */;
INSERT INTO `rendeles_tetelek` VALUES (1,1,545,'Krug Grande Cuvée',89990.00,1),(2,2,549,'Moët & Chandon Impérial Brut',19990.00,54),(3,3,550,'Dom Pérignon Vintage',99990.00,1),(4,4,549,'Moët & Chandon Impérial Brut',19990.00,1),(5,4,548,'Szepsy Pezsgő Brut',9990.00,1);
/*!40000 ALTER TABLE `rendeles_tetelek` ENABLE KEYS */;
UNLOCK TABLES;

--
-- Table structure for table `rendelesek`
--

DROP TABLE IF EXISTS `rendelesek`;
/*!40101 SET @saved_cs_client     = @@character_set_client */;
/*!50503 SET character_set_client = utf8mb4 */;
CREATE TABLE `rendelesek` (
  `id` int NOT NULL AUTO_INCREMENT,
  `statusz_id` int NOT NULL DEFAULT '1',
  `vegosszeg` decimal(10,2) NOT NULL DEFAULT '0.00',
  `fizetesi_mod` varchar(50) COLLATE utf8mb4_hungarian_ci DEFAULT NULL,
  `fizetesi_statusz` enum('fuggoben','fizetve','sikertelen') COLLATE utf8mb4_hungarian_ci DEFAULT 'fuggoben',
  `szallitasi_cim_id` int NOT NULL,
  `szamlazasi_cim_id` int DEFAULT NULL,
  `letrehozva` datetime DEFAULT CURRENT_TIMESTAMP,
  `frissitve` datetime DEFAULT CURRENT_TIMESTAMP ON UPDATE CURRENT_TIMESTAMP,
  PRIMARY KEY (`id`),
  KEY `statusz_id` (`statusz_id`),
  KEY `szallitasi_cim_id` (`szallitasi_cim_id`),
  KEY `szamlazasi_cim_id` (`szamlazasi_cim_id`),
  CONSTRAINT `rendelesek_ibfk_1` FOREIGN KEY (`statusz_id`) REFERENCES `rendeles_statuszok` (`id`),
  CONSTRAINT `rendelesek_ibfk_2` FOREIGN KEY (`szallitasi_cim_id`) REFERENCES `cimek` (`id`),
  CONSTRAINT `rendelesek_ibfk_3` FOREIGN KEY (`szamlazasi_cim_id`) REFERENCES `cimek` (`id`)
) ENGINE=InnoDB AUTO_INCREMENT=5 DEFAULT CHARSET=utf8mb4 COLLATE=utf8mb4_hungarian_ci;
/*!40101 SET character_set_client = @saved_cs_client */;

--
-- Dumping data for table `rendelesek`
--

LOCK TABLES `rendelesek` WRITE;
/*!40000 ALTER TABLE `rendelesek` DISABLE KEYS */;
INSERT INTO `rendelesek` VALUES (1,1,89990.00,'utanvet','fuggoben',1,2,'2025-12-15 10:52:46','2025-12-15 10:52:46'),(2,1,1079460.00,'utanvet','fuggoben',3,4,'2025-12-15 11:10:32','2025-12-15 11:10:32'),(3,1,99990.00,'utanvet','fuggoben',5,6,'2025-12-15 11:11:35','2025-12-15 11:11:35'),(4,1,29980.00,'utanvet','fuggoben',7,8,'2025-12-15 11:12:00','2025-12-15 11:12:00');
/*!40000 ALTER TABLE `rendelesek` ENABLE KEYS */;
UNLOCK TABLES;

--
-- Table structure for table `szamlak`
--

DROP TABLE IF EXISTS `szamlak`;
/*!40101 SET @saved_cs_client     = @@character_set_client */;
/*!50503 SET character_set_client = utf8mb4 */;
CREATE TABLE `szamlak` (
  `id` int NOT NULL AUTO_INCREMENT,
  `rendeles_id` int NOT NULL,
  `szamlaszam` varchar(100) COLLATE utf8mb4_hungarian_ci NOT NULL,
  `letrehozva` datetime DEFAULT CURRENT_TIMESTAMP,
  PRIMARY KEY (`id`),
  UNIQUE KEY `szamlaszam` (`szamlaszam`),
  KEY `rendeles_id` (`rendeles_id`),
  CONSTRAINT `szamlak_ibfk_1` FOREIGN KEY (`rendeles_id`) REFERENCES `rendelesek` (`id`) ON DELETE CASCADE
) ENGINE=InnoDB DEFAULT CHARSET=utf8mb4 COLLATE=utf8mb4_hungarian_ci;
/*!40101 SET character_set_client = @saved_cs_client */;

--
-- Dumping data for table `szamlak`
--

LOCK TABLES `szamlak` WRITE;
/*!40000 ALTER TABLE `szamlak` DISABLE KEYS */;
/*!40000 ALTER TABLE `szamlak` ENABLE KEYS */;
UNLOCK TABLES;

--
-- Table structure for table `users`
--

DROP TABLE IF EXISTS `users`;
/*!40101 SET @saved_cs_client     = @@character_set_client */;
/*!50503 SET character_set_client = utf8mb4 */;
CREATE TABLE `users` (
  `user_id` int NOT NULL AUTO_INCREMENT,
  `nev` varchar(100) COLLATE utf8mb4_hungarian_ci NOT NULL,
  `email` varchar(150) COLLATE utf8mb4_hungarian_ci NOT NULL,
  `password_hash` varchar(255) COLLATE utf8mb4_hungarian_ci NOT NULL,
  `cim` varchar(255) COLLATE utf8mb4_hungarian_ci DEFAULT NULL,
  `created_at` timestamp NULL DEFAULT CURRENT_TIMESTAMP,
  PRIMARY KEY (`user_id`),
  UNIQUE KEY `email` (`email`)
) ENGINE=InnoDB AUTO_INCREMENT=4 DEFAULT CHARSET=utf8mb4 COLLATE=utf8mb4_hungarian_ci;
/*!40101 SET character_set_client = @saved_cs_client */;

--
-- Dumping data for table `users`
--

LOCK TABLES `users` WRITE;
/*!40000 ALTER TABLE `users` DISABLE KEYS */;
INSERT INTO `users` VALUES (1,'asd','asd@asd.asd','$2b$10$pq/PObVPrF0gU1js.Qw4TeRwxZftI5lKqutco8f3FuCJVL8qpBTue','asd','2025-12-03 10:25:15'),(2,'dsa','dsa@dsa.dsa','$2b$10$v/ofSzF5oxSv46YfQnaThOsvsex6TKPk4XJbXdq3xbljx9j5mCKTi','asd','2025-12-04 07:12:00'),(3,'sdfg','dhgfd@hisdbf.gf','$2b$10$fYKXwFp3Y23NRLcNp4oJROe3XaV6v9rLkp5GTfAE91iZCoS7dtF06','ADWSSA','2025-12-10 07:13:02');
/*!40000 ALTER TABLE `users` ENABLE KEYS */;
UNLOCK TABLES;
/*!40103 SET TIME_ZONE=@OLD_TIME_ZONE */;

/*!40101 SET SQL_MODE=@OLD_SQL_MODE */;
/*!40014 SET FOREIGN_KEY_CHECKS=@OLD_FOREIGN_KEY_CHECKS */;
/*!40014 SET UNIQUE_CHECKS=@OLD_UNIQUE_CHECKS */;
/*!40101 SET CHARACTER_SET_CLIENT=@OLD_CHARACTER_SET_CLIENT */;
/*!40101 SET CHARACTER_SET_RESULTS=@OLD_CHARACTER_SET_RESULTS */;
/*!40101 SET COLLATION_CONNECTION=@OLD_COLLATION_CONNECTION */;
/*!40111 SET SQL_NOTES=@OLD_SQL_NOTES */;

-- Dump completed on 2025-12-15 12:12:35
